code,name,metric,year,value,label,page,source,note
600000,浦发银行,净利润,2025,50017,(一) 净利润,166,statement,
600000,浦发银行,利润总额,2025,53374,利润总额,28,summary,主要会计数据
600000,浦发银行,利润总额,2024,48366,利润总额,28,summary,主要会计数据
600000,浦发银行,利润总额,2023,40692,利润总额,28,summary,主要会计数据
600000,浦发银行,加权平均净资产收益率,2025,6.76,加权平均净资产收益率,28,summary,主要会计数据
600000,浦发银行,加权平均净资产收益率,2024,6.28,加权平均净资产收益率,28,summary,主要会计数据
600000,浦发银行,加权平均净资产收益率,2023,5.21,加权平均净资产收益率,28,summary,主要会计数据
600000,浦发银行,基本每股收益,2025,1.52,基本每股收益,28,summary,主要会计数据
600000,浦发银行,基本每股收益,2024,1.36,基本每股收益,28,summary,主要会计数据
600000,浦发银行,基本每股收益,2023,1.07,基本每股收益,28,summary,主要会计数据
600000,浦发银行,归母净利润,2025,50017,归属于母公司股东的净利润,28,summary,主要会计数据
600000,浦发银行,归母净利润,2024,45257,归属于母公司股东的净利润,28,summary,主要会计数据
600000,浦发银行,归母净利润,2023,36702,归属于母公司股东的净利润,28,summary,主要会计数据
600000,浦发银行,归母净资产,2025,816914,归属于母公司股东权益合计,80,statement,
600000,浦发银行,总资产,2025,10081746,资产总计,322,statement,
600000,浦发银行,扣非加权平均净资产收益率,2025,6.78,扣除非经常性损益后的加权平均净资 产收益率,28,summary,主要会计数据
600000,浦发银行,扣非加权平均净资产收益率,2024,6.12,扣除非经常性损益后的加权平均净资 产收益率,28,summary,主要会计数据
600000,浦发银行,扣非加权平均净资产收益率,2023,4.75,扣除非经常性损益后的加权平均净资 产收益率,28,summary,主要会计数据
600000,浦发银行,稀释每股收益,2025,1.42,稀释每股收益,28,summary,主要会计数据
600000,浦发银行,稀释每股收益,2024,1.25,稀释每股收益,28,summary,主要会计数据
600000,浦发银行,稀释每股收益,2023,0.99,稀释每股收益,28,summary,主要会计数据
600000,浦发银行,经营活动现金流量净额,2025,375836,经营活动产生的现金流量净额,28,summary,主要会计数据
600000,浦发银行,经营活动现金流量净额,2024,-333654,经营活动产生的现金流量净额,28,summary,主要会计数据
600000,浦发银行,经营活动现金流量净额,2023,388397,经营活动产生的现金流量净额,28,summary,主要会计数据
600000,浦发银行,营业收入,2025,173964,营业收入,28,summary,主要会计数据
600000,浦发银行,营业收入,2024,170748,营业收入,28,summary,主要会计数据
600000,浦发银行,营业收入,2023,173434,营业收入,28,summary,主要会计数据
600004,白云机场,净利润,2025,1513673711.49,净利润,168,statement,
600004,白云机场,利润总额,2025,1976230388.23,利润总额,5,summary,主要会计数据
600004,白云机场,利润总额,2024,1338368493.95,利润总额,5,summary,主要会计数据
600004,白云机场,利润总额,2023,677780021.64,利润总额,5,summary,主要会计数据
600004,白云机场,加权平均净资产收益率,2025,7.45,加权平均净资产收益率（%）,6,summary,主要财务指标
600004,白云机场,加权平均净资产收益率,2024,5.15,加权平均净资产收益率（%）,6,summary,主要财务指标
600004,白云机场,加权平均净资产收益率,2023,2.54,加权平均净资产收益率（%）,6,summary,主要财务指标
600004,白云机场,基本每股收益,2025,0.62,基本每股收益（元／股）,6,summary,主要财务指标
600004,白云机场,基本每股收益,2024,0.39,基本每股收益（元／股）,6,summary,主要财务指标
600004,白云机场,基本每股收益,2023,0.19,基本每股收益（元／股）,6,summary,主要财务指标
600004,白云机场,归母净利润,2025,1468348737.38,归属于上市公司股东的净利润,5,summary,主要会计数据
600004,白云机场,归母净利润,2024,925847484.77,归属于上市公司股东的净利润,5,summary,主要会计数据
600004,白云机场,归母净利润,2023,441905715.29,归属于上市公司股东的净利润,5,summary,主要会计数据
600004,白云机场,归母净资产,2025,21024452011.67,归属于上市公司股东的净资产,5,summary,主要会计数据
600004,白云机场,归母净资产,2024,18346520325.15,归属于上市公司股东的净资产,5,summary,主要会计数据
600004,白云机场,归母净资产,2023,17593268620.81,归属于上市公司股东的净资产,5,summary,主要会计数据
600004,白云机场,总资产,2025,29677988460.37,总资产,5,summary,主要会计数据
600004,白云机场,总资产,2024,26997934835.04,总资产,5,summary,主要会计数据
600004,白云机场,总资产,2023,26190045631.21,总资产,5,summary,主要会计数据
600004,白云机场,扣非加权平均净资产收益率,2025,4.44,扣除非经常性损益后的加权平均净资产收益率（%）,6,summary,主要财务指标
600004,白云机场,扣非加权平均净资产收益率,2024,5.04,扣除非经常性损益后的加权平均净资产收益率（%）,6,summary,主要财务指标
600004,白云机场,扣非加权平均净资产收益率,2023,2.2,扣除非经常性损益后的加权平均净资产收益率（%）,6,summary,主要财务指标
600004,白云机场,扣非归母净利润,2025,958700637.88,归属于上市公司股东的扣除非经常性损益的净利润,5,summary,主要会计数据
600004,白云机场,扣非归母净利润,2024,906113528.96,归属于上市公司股东的扣除非经常性损益的净利润,5,summary,主要会计数据
600004,白云机场,扣非归母净利润,2023,382603900.06,归属于上市公司股东的扣除非经常性损益的净利润,5,summary,主要会计数据
600004,白云机场,稀释每股收益,2025,0.62,稀释每股收益（元／股）,6,summary,主要财务指标
600004,白云机场,稀释每股收益,2024,0.39,稀释每股收益（元／股）,6,summary,主要财务指标
600004,白云机场,稀释每股收益,2023,0.19,稀释每股收益（元／股）,6,summary,主要财务指标
600004,白云机场,经营活动现金流量净额,2025,3074788371.68,经营活动产生的现金流量净额,5,summary,主要会计数据
600004,白云机场,经营活动现金流量净额,2024,3410126652.46,经营活动产生的现金流量净额,5,summary,主要会计数据
600004,白云机场,经营活动现金流量净额,2023,2359665123.9,经营活动产生的现金流量净额,5,summary,主要会计数据
600004,白云机场,营业收入,2025,7955002081.35,营业收入,5,summary,主要会计数据
600004,白云机场,营业收入,2024,7423597248.19,营业收入,5,summary,主要会计数据
600004,白云机场,营业收入,2023,6430868267.12,营业收入,5,summary,主要会计数据
600006,东风股份,净利润,2025,-478332945.74,净利润,133,statement,
600006,东风股份,利润总额,2025,-482964343.9,利润总额,5,summary,主要会计数据
600006,东风股份,利润总额,2024,-2339735.36,利润总额,5,summary,主要会计数据
600006,东风股份,利润总额,2023,205626787.09,利润总额,5,summary,主要会计数据
600006,东风股份,加权平均净资产收益率,2025,-5.9673,加权平均净资产收益率（%）,5,summary,主要财务指标
600006,东风股份,加权平均净资产收益率,2024,0.3514,加权平均净资产收益率（%）,5,summary,主要财务指标
600006,东风股份,加权平均净资产收益率,2023,2.4239,加权平均净资产收益率（%）,5,summary,主要财务指标
600006,东风股份,基本每股收益,2025,-0.2398,基本每股收益（元/股）,5,summary,主要财务指标
600006,东风股份,基本每股收益,2024,0.0146,基本每股收益（元/股）,5,summary,主要财务指标
600006,东风股份,基本每股收益,2023,0.1,基本每股收益（元/股）,5,summary,主要财务指标
600006,东风股份,归母净利润,2025,-479572267.09,归属于上市公司股东的净利润,5,summary,主要会计数据
600006,东风股份,归母净利润,2024,29162157.65,归属于上市公司股东的净利润,5,summary,主要会计数据
600006,东风股份,归母净利润,2023,200041171.47,归属于上市公司股东的净利润,5,summary,主要会计数据
600006,东风股份,归母净资产,2025,7787257523.5,归属于上市公司股东的净资产,5,summary,主要会计数据
600006,东风股份,归母净资产,2024,8276398615.79,归属于上市公司股东的净资产,5,summary,主要会计数据
600006,东风股份,归母净资产,2023,8309637417.4,归属于上市公司股东的净资产,5,summary,主要会计数据
600006,东风股份,总资产,2025,15964907112.12,总资产,5,summary,主要会计数据
600006,东风股份,总资产,2024,17232952333.53,总资产,5,summary,主要会计数据
600006,东风股份,总资产,2023,19171886082.35,总资产,5,summary,主要会计数据
600006,东风股份,扣非加权平均净资产收益率,2025,-11.5727,扣除非经常性损益后的加权平均净资产收益率（%）,5,summary,主要财务指标
600006,东风股份,扣非加权平均净资产收益率,2024,-8.3197,扣除非经常性损益后的加权平均净资产收益率（%）,5,summary,主要财务指标
600006,东风股份,扣非加权平均净资产收益率,2023,-3.2936,扣除非经常性损益后的加权平均净资产收益率（%）,5,summary,主要财务指标
600006,东风股份,扣非归母净利润,2025,-929496986.27,归属于上市公司股东的扣除非经常性损益的净利润,5,summary,主要会计数据
600006,东风股份,扣非归母净利润,2024,-689956962.85,归属于上市公司股东的扣除非经常性损益的净利润,5,summary,主要会计数据
600006,东风股份,扣非归母净利润,2023,-271817020.49,归属于上市公司股东的扣除非经常性损益的净利润,5,summary,主要会计数据
600006,东风股份,稀释每股收益,2025,-0.2398,稀释每股收益（元／股）,5,summary,主要财务指标
600006,东风股份,稀释每股收益,2024,0.0146,稀释每股收益（元／股）,5,summary,主要财务指标
600006,东风股份,稀释每股收益,2023,0.1,稀释每股收益（元／股）,5,summary,主要财务指标
600006,东风股份,经营活动现金流量净额,2025,-199183522.39,经营活动产生的现金流量净额,14,statement,
600006,东风股份,营业收入,2025,8858062241.72,营业收入,5,summary,主要会计数据
600006,东风股份,营业收入,2023,12069987235.58,营业收入,5,summary,主要会计数据
600007,中国国贸,净利润,2025,1262389074,净利润,79,statement,
600007,中国国贸,利润总额,2025,1605202012,利润总额,11,summary,主要会计数据
600007,中国国贸,利润总额,2024,1685133597,利润总额,11,summary,主要会计数据
600007,中国国贸,利润总额,2023,1680258825,利润总额,11,summary,主要会计数据
600007,中国国贸,基本每股收益,2025,1.19,基本每股收益(元/股),12,summary,主要财务指标
600007,中国国贸,基本每股收益,2024,1.25,基本每股收益(元/股),12,summary,主要财务指标
600007,中国国贸,基本每股收益,2023,1.25,基本每股收益(元/股),12,summary,主要财务指标
600007,中国国贸,归母净利润,2025,1202295738,归属于上市公司股东的净利润,11,summary,主要会计数据
600007,中国国贸,归母净利润,2024,1262389074,归属于上市公司股东的净利润,11,summary,主要会计数据
600007,中国国贸,归母净利润,2023,1259201327,归属于上市公司股东的净利润,11,summary,主要会计数据
600007,中国国贸,归母净资产,2025,9747365058,归属于上市公司股东的净资产,11,summary,主要会计数据
600007,中国国贸,归母净资产,2024,9653080107,归属于上市公司股东的净资产,11,summary,主要会计数据
600007,中国国贸,归母净资产,2023,9700158327,归属于上市公司股东的净资产,11,summary,主要会计数据
600007,中国国贸,总资产,2025,11453565313,总资产,11,summary,主要会计数据
600007,中国国贸,总资产,2024,12324321965,总资产,11,summary,主要会计数据
600007,中国国贸,总资产,2023,12881135035,总资产,11,summary,主要会计数据
600007,中国国贸,扣非归母净利润,2024,1247810149,归属于上市公司股东的扣除非经常性损益的净利润,11,summary,主要会计数据
600007,中国国贸,扣非归母净利润,2023,1250054403,归属于上市公司股东的扣除非经常性损益的净利润,11,summary,主要会计数据
600007,中国国贸,稀释每股收益,2025,1.19,稀释每股收益(元／股),12,summary,主要财务指标
600007,中国国贸,稀释每股收益,2024,1.25,稀释每股收益(元／股),12,summary,主要财务指标
600007,中国国贸,稀释每股收益,2023,1.25,稀释每股收益(元／股),12,summary,主要财务指标
600007,中国国贸,经营活动现金流量净额,2025,1575080047,经营活动产生的现金流量净额,11,summary,主要会计数据
600007,中国国贸,经营活动现金流量净额,2024,1796295378,经营活动产生的现金流量净额,11,summary,主要会计数据
600007,中国国贸,经营活动现金流量净额,2023,1918660921,经营活动产生的现金流量净额,11,summary,主要会计数据
600007,中国国贸,营业收入,2025,3770059098,营业收入,11,summary,主要会计数据
600007,中国国贸,营业收入,2024,3912067946,营业收入,11,summary,主要会计数据
600007,中国国贸,营业收入,2023,3953761873,营业收入,11,summary,主要会计数据
600008,首创环保,净利润,2025,2253429459.36,净利润,226,statement,
600008,首创环保,利润总额,2025,2936298518.05,利润总额,7,summary,主要会计数据
600008,首创环保,利润总额,2024,4882397416.54,利润总额,7,summary,主要会计数据
600008,首创环保,利润总额,2023,2673882963.48,利润总额,7,summary,主要会计数据
600008,首创环保,加权平均净资产收益率,2025,5.73,加权平均净资产收益率（%）,7,summary,主要财务指标
600008,首创环保,加权平均净资产收益率,2024,11.77,加权平均净资产收益率（%）,7,summary,主要财务指标
600008,首创环保,加权平均净资产收益率,2023,5.62,加权平均净资产收益率（%）,7,summary,主要财务指标
600008,首创环保,基本每股收益,2025,0.2414,基本每股收益（元/股）,7,summary,主要财务指标
600008,首创环保,基本每股收益,2024,0.4806,基本每股收益（元/股）,7,summary,主要财务指标
600008,首创环保,基本每股收益,2023,0.2193,基本每股收益（元/股）,7,summary,主要财务指标
600008,首创环保,归母净利润,2025,1771876566.48,归属于上市公司股东的净利润,7,summary,主要会计数据
600008,首创环保,归母净利润,2024,3528057052.75,归属于上市公司股东的净利润,7,summary,主要会计数据
600008,首创环保,归母净利润,2023,1609923557.46,归属于上市公司股东的净利润,7,summary,主要会计数据
600008,首创环保,归母净资产,2025,30739137702.27,归属于上市公司股东的净资产,7,summary,主要会计数据
600008,首创环保,归母净资产,2024,30784081491.98,归属于上市公司股东的净资产,7,summary,主要会计数据
600008,首创环保,归母净资产,2023,29119277771.17,归属于上市公司股东的净资产,7,summary,主要会计数据
600008,首创环保,总资产,2025,109128582749.51,总资产,7,summary,主要会计数据
600008,首创环保,总资产,2024,111183026215.34,总资产,7,summary,主要会计数据
600008,首创环保,总资产,2023,109373039349.14,总资产,7,summary,主要会计数据
600008,首创环保,扣非加权平均净资产收益率,2025,5.18,扣除非经常性损益后的加权平均净资产收益率（%）,7,summary,主要财务指标
600008,首创环保,扣非加权平均净资产收益率,2024,5.21,扣除非经常性损益后的加权平均净资产收益率（%）,7,summary,主要财务指标
600008,首创环保,扣非加权平均净资产收益率,2023,5.41,扣除非经常性损益后的加权平均净资产收益率（%）,7,summary,主要财务指标
600008,首创环保,扣非归母净利润,2025,1602483097.56,归属于上市公司股东的扣除非经常性损益的净利润,7,summary,主要会计数据
600008,首创环保,扣非归母净利润,2024,1560705704.92,归属于上市公司股东的扣除非经常性损益的净利润,7,summary,主要会计数据
600008,首创环保,扣非归母净利润,2023,1548125704.64,归属于上市公司股东的扣除非经常性损益的净利润,7,summary,主要会计数据
600008,首创环保,稀释每股收益,2025,0.2414,稀释每股收益（元/股）,7,summary,主要财务指标
600008,首创环保,稀释每股收益,2024,0.4806,稀释每股收益（元/股）,7,summary,主要财务指标
600008,首创环保,稀释每股收益,2023,0.2193,稀释每股收益（元/股）,7,summary,主要财务指标
600008,首创环保,经营活动现金流量净额,2025,3761575610.48,经营活动产生的现金流量净额,7,summary,主要会计数据
600008,首创环保,经营活动现金流量净额,2024,4082799965.42,经营活动产生的现金流量净额,7,summary,主要会计数据
600008,首创环保,经营活动现金流量净额,2023,3422295223.11,经营活动产生的现金流量净额,7,summary,主要会计数据
600008,首创环保,营业收入,2025,18885592685.09,营业收入,7,summary,主要会计数据
600008,首创环保,营业收入,2024,20049988923.69,营业收入,7,summary,主要会计数据
600008,首创环保,营业收入,2023,21332108192.99,营业收入,7,summary,主要会计数据
600009,上海机场,净利润,2025,2410579187.36,净利润,147,statement,
600009,上海机场,利润总额,2025,3019986074.44,利润总额,6,summary,主要会计数据
600009,上海机场,利润总额,2024,2714562179.04,利润总额,6,summary,主要会计数据
600009,上海机场,利润总额,2023,1388010952.4,利润总额,6,summary,主要会计数据
600009,上海机场,加权平均净资产收益率,2025,5.03,加权平均净资产收益率（%）,6,summary,主要财务指标
600009,上海机场,加权平均净资产收益率,2024,4.69,加权平均净资产收益率（%）,6,summary,主要财务指标
600009,上海机场,加权平均净资产收益率,2023,2.33,加权平均净资产收益率（%）,6,summary,主要财务指标
600009,上海机场,基本每股收益,2025,0.85,基本每股收益（元／股）,6,summary,主要财务指标
600009,上海机场,基本每股收益,2024,0.78,基本每股收益（元／股）,6,summary,主要财务指标
600009,上海机场,基本每股收益,2023,0.38,基本每股收益（元／股）,6,summary,主要财务指标
600009,上海机场,归母净利润,2025,2116775136.25,归属于上市公司股东的净利润,6,summary,主要会计数据
600009,上海机场,归母净利润,2024,1933948719.51,归属于上市公司股东的净利润,6,summary,主要会计数据
600009,上海机场,归母净利润,2023,934049713.44,归属于上市公司股东的净利润,6,summary,主要会计数据
600009,上海机场,归母净资产,2025,42539846961.27,归属于上市公司股东的净资产,6,summary,主要会计数据
600009,上海机场,归母净资产,2023,40541649764.41,归属于上市公司股东的净资产,6,summary,主要会计数据
600009,上海机场,总资产,2025,71678547661.74,总资产,6,summary,主要会计数据
600009,上海机场,总资产,2024,70046212107.27,总资产,6,summary,主要会计数据
600009,上海机场,总资产,2023,69480530979.72,总资产,6,summary,主要会计数据
600009,上海机场,扣非加权平均净资产收益率,2025,4.88,扣除非经常性损益后的加权平均净资产收益率（%）,6,summary,主要财务指标
600009,上海机场,扣非加权平均净资产收益率,2024,3.42,扣除非经常性损益后的加权平均净资产收益率（%）,6,summary,主要财务指标
600009,上海机场,扣非加权平均净资产收益率,2023,2.07,扣除非经常性损益后的加权平均净资产收益率（%）,6,summary,主要财务指标
600009,上海机场,扣非归母净利润,2025,2054295543.14,归属于上市公司股东的扣除非经常性损益的净利润,6,summary,主要会计数据
600009,上海机场,扣非归母净利润,2024,1409358891.13,归属于上市公司股东的扣除非经常性损益的净利润,6,summary,主要会计数据
600009,上海机场,扣非归母净利润,2023,828963891.72,归属于上市公司股东的扣除非经常性损益的净利润,6,summary,主要会计数据
600009,上海机场,稀释每股收益,2025,0.85,稀释每股收益（元／股）,6,summary,主要财务指标
600009,上海机场,稀释每股收益,2024,0.78,稀释每股收益（元／股）,6,summary,主要财务指标
600009,上海机场,稀释每股收益,2023,0.38,稀释每股收益（元／股）,6,summary,主要财务指标
600009,上海机场,经营活动现金流量净额,2025,5981731896.44,经营活动产生的现金流量净额,6,summary,主要会计数据
600009,上海机场,经营活动现金流量净额,2024,5530816400.62,经营活动产生的现金流量净额,6,summary,主要会计数据
600009,上海机场,营业收入,2025,13346192164.12,营业收入,6,summary,主要会计数据
600009,上海机场,营业收入,2024,12368804103.46,营业收入,6,summary,主要会计数据
600009,上海机场,营业收入,2023,11047016050.98,营业收入,6,summary,主要会计数据
600010,包钢股份,净利润,2025,385698209.46,净利润,189,statement,
600010,包钢股份,利润总额,2025,490435929.21,利润总额,5,summary,主要会计数据
600010,包钢股份,利润总额,2024,85836275.26,利润总额,5,summary,主要会计数据
600010,包钢股份,利润总额,2023,420260389.9,利润总额,5,summary,主要会计数据
600010,包钢股份,加权平均净资产收益率,2025,0.72,加权平均净资产收益率（%）,5,summary,主要财务指标
600010,包钢股份,加权平均净资产收益率,2024,0.51,加权平均净资产收益率（%）,5,summary,主要财务指标
600010,包钢股份,加权平均净资产收益率,2023,0.98,加权平均净资产收益率（%）,5,summary,主要财务指标
600010,包钢股份,基本每股收益,2025,0.0083,基本每股收益（元／股）,5,summary,主要财务指标
600010,包钢股份,基本每股收益,2024,0.0058,基本每股收益（元／股）,5,summary,主要财务指标
600010,包钢股份,基本每股收益,2023,0.0113,基本每股收益（元／股）,5,summary,主要财务指标
600010,包钢股份,归母净利润,2025,373622495.09,归属于上市公司股东的净利润,5,summary,主要会计数据
600010,包钢股份,归母净利润,2024,264629175.96,归属于上市公司股东的净利润,5,summary,主要会计数据
600010,包钢股份,归母净利润,2023,515270562.53,归属于上市公司股东的净利润,5,summary,主要会计数据
600010,包钢股份,归母净资产,2025,52044946910.67,归属于上市公司股东的净资产,5,summary,主要会计数据
600010,包钢股份,归母净资产,2024,51913300388.93,归属于上市公司股东的净资产,5,summary,主要会计数据
600010,包钢股份,归母净资产,2023,51820117324.04,归属于上市公司股东的净资产,5,summary,主要会计数据
600010,包钢股份,总资产,2025,151673460592.94,总资产,5,summary,主要会计数据
600010,包钢股份,总资产,2024,155125400366.74,总资产,5,summary,主要会计数据
600010,包钢股份,总资产,2023,151775636822.69,总资产,5,summary,主要会计数据
600010,包钢股份,扣非加权平均净资产收益率,2025,0.76,扣除非经常性损益后的加权平均净资产收益率（%）,5,summary,主要财务指标
600010,包钢股份,扣非加权平均净资产收益率,2024,-0.08,扣除非经常性损益后的加权平均净资产收益率（%）,5,summary,主要财务指标
600010,包钢股份,扣非加权平均净资产收益率,2023,0.83,扣除非经常性损益后的加权平均净资产收益率（%）,5,summary,主要财务指标
600010,包钢股份,扣非归母净利润,2025,397741138.03,归属于上市公司股东的扣除非经常性损益的净利润,5,summary,主要会计数据
600010,包钢股份,扣非归母净利润,2024,-42164252.85,归属于上市公司股东的扣除非经常性损益的净利润,5,summary,主要会计数据
600010,包钢股份,扣非归母净利润,2023,433549802.12,归属于上市公司股东的扣除非经常性损益的净利润,5,summary,主要会计数据
600010,包钢股份,稀释每股收益,2025,0.0083,稀释每股收益（元/股）,5,summary,主要财务指标
600010,包钢股份,稀释每股收益,2024,0.0058,稀释每股收益（元/股）,5,summary,主要财务指标
600010,包钢股份,稀释每股收益,2023,0.0113,稀释每股收益（元/股）,5,summary,主要财务指标
600010,包钢股份,经营活动现金流量净额,2025,2570985391.52,经营活动产生的现金流量净额,5,summary,主要会计数据
600010,包钢股份,经营活动现金流量净额,2024,2377288640.25,经营活动产生的现金流量净额,5,summary,主要会计数据
600010,包钢股份,经营活动现金流量净额,2023,-988633395.95,经营活动产生的现金流量净额,5,summary,主要会计数据
600010,包钢股份,营业收入,2025,66357524000.64,营业收入,5,summary,主要会计数据
600010,包钢股份,营业收入,2024,68089440629.67,营业收入,5,summary,主要会计数据
600010,包钢股份,营业收入,2023,70565388599.27,营业收入,5,summary,主要会计数据
600011,华能国际,净利润,2025,19505063011,净利润,280,statement,
600011,华能国际,利润总额,2025,23643942299,利润总额,6,summary,主要会计数据
600011,华能国际,利润总额,2024,18086112274,利润总额,6,summary,主要会计数据
600011,华能国际,利润总额,2023,13001834461,利润总额,6,summary,主要会计数据
600011,华能国际,加权平均净资产收益率,2025,19.04,加权平均净资产收益率（%）,7,summary,主要财务指标
600011,华能国际,加权平均净资产收益率,2024,13.14,加权平均净资产收益率（%）,7,summary,主要财务指标
600011,华能国际,加权平均净资产收益率,2023,11.25,加权平均净资产收益率（%）,7,summary,主要财务指标
600011,华能国际,基本每股收益,2025,0.74,基本每股收益（元／股）,7,summary,主要财务指标
600011,华能国际,基本每股收益,2024,0.46,基本每股收益（元／股）,7,summary,主要财务指标
600011,华能国际,基本每股收益,2023,0.35,基本每股收益（元／股）,7,summary,主要财务指标
600011,华能国际,归母净利润,2025,14409553809,归属于上市公司股东的净利润,6,summary,主要会计数据
600011,华能国际,归母净利润,2024,10135493813,归属于上市公司股东的净利润,6,summary,主要会计数据
600011,华能国际,归母净利润,2023,8445560446,归属于上市公司股东的净利润,6,summary,主要会计数据
600011,华能国际,归母净资产,2025,142468648190,归属于上市公司股东的净资产,6,summary,主要会计数据
600011,华能国际,归母净资产,2024,137414784587,归属于上市公司股东的净资产,6,summary,主要会计数据
600011,华能国际,归母净资产,2023,132138663588,归属于上市公司股东的净资产,6,summary,主要会计数据
600011,华能国际,总资产,2025,611789826893,总资产,6,summary,主要会计数据
600011,华能国际,总资产,2024,586842753960,总资产,6,summary,主要会计数据
600011,华能国际,总资产,2023,541159281130,总资产,6,summary,主要会计数据
600011,华能国际,扣非加权平均净资产收益率,2025,17.53,扣除非经常性损益后的加权平均净资产收益率（%）,7,summary,主要财务指标
600011,华能国际,扣非加权平均净资产收益率,2024,13.84,扣除非经常性损益后的加权平均净资产收益率（%）,7,summary,主要财务指标
600011,华能国际,扣非加权平均净资产收益率,2023,5.48,扣除非经常性损益后的加权平均净资产收益率（%）,7,summary,主要财务指标
600011,华能国际,扣非归母净利润,2025,13481553258,归属于上市公司股东的扣除非经常性损益的净利润,6,summary,主要会计数据
600011,华能国际,扣非归母净利润,2024,10521564395,归属于上市公司股东的扣除非经常性损益的净利润,6,summary,主要会计数据
600011,华能国际,扣非归母净利润,2023,5611405323,归属于上市公司股东的扣除非经常性损益的净利润,6,summary,主要会计数据
600011,华能国际,稀释每股收益,2025,0.74,稀释每股收益（元／股）,7,summary,主要财务指标
600011,华能国际,稀释每股收益,2024,0.46,稀释每股收益（元／股）,7,summary,主要财务指标
600011,华能国际,稀释每股收益,2023,0.35,稀释每股收益（元／股）,7,summary,主要财务指标
600011,华能国际,经营活动现金流量净额,2025,67212899994,经营活动产生的现金流量净额,6,summary,主要会计数据
600011,华能国际,经营活动现金流量净额,2024,50530261245,经营活动产生的现金流量净额,6,summary,主要会计数据
600011,华能国际,经营活动现金流量净额,2023,45497117051,经营活动产生的现金流量净额,6,summary,主要会计数据
600011,华能国际,营业收入,2025,229288057955,营业收入,6,summary,主要会计数据
600011,华能国际,营业收入,2024,245550923498,营业收入,6,summary,主要会计数据
600011,华能国际,营业收入,2023,254396694532,营业收入,6,summary,主要会计数据
600012,皖通高速,净利润,2025,1859360406.99,净利润,223,statement,
600012,皖通高速,利润总额,2025,2608435549.4,利润总额,9,summary,主要会计数据
600012,皖通高速,加权平均净资产收益率,2025,14.01,加权平均净资产收益率(%),10,summary,主要财务指标
600012,皖通高速,基本每股收益,2025,1.1151,基本每股收益（元/股）,10,summary,主要财务指标
600012,皖通高速,归母净利润,2025,1877443900.82,归属于上市公司股东的净利润,9,summary,主要会计数据
600012,皖通高速,归母净资产,2025,12802330387.77,归属于上市公司股东的净资产,9,summary,主要会计数据
600012,皖通高速,总资产,2025,30408343193.82,总资产,9,summary,主要会计数据
600012,皖通高速,扣非加权平均净资产收益率,2025,14.16,扣除非经常性损益后的加权平均净资产收益率(%),10,summary,主要财务指标
600012,皖通高速,扣非归母净利润,2025,1788813594.7,归属于上市公司股东的扣除非经常性损益的净利润,9,summary,主要会计数据
600012,皖通高速,稀释每股收益,2025,1.1151,稀释每股收益（元/股）,10,summary,主要财务指标
600012,皖通高速,经营活动现金流量净额,2025,3539492972.51,经营活动产生的现金流量净额,9,summary,主要会计数据
600012,皖通高速,营业收入,2025,6721574180.34,营业收入,9,summary,主要会计数据
600015,华夏银行,净利润,2025,27200,(一)净利润,127,statement,
600015,华夏银行,利润总额,2025,34174,利润总额,9,summary,主要会计数据
600015,华夏银行,利润总额,2024,35879,利润总额,9,summary,主要会计数据
600015,华夏银行,利润总额,2023,35439,利润总额,9,summary,主要会计数据
600015,华夏银行,加权平均净资产收益率,2025,8.32,加权平均净资产收益率,9,summary,主要会计数据
600015,华夏银行,加权平均净资产收益率,2024,8.84,加权平均净资产收益率,9,summary,主要会计数据
600015,华夏银行,加权平均净资产收益率,2023,8.71,加权平均净资产收益率,9,summary,主要会计数据
600015,华夏银行,基本每股收益,2025,1.62,基本每股收益,9,summary,主要会计数据
600015,华夏银行,基本每股收益,2024,1.62,基本每股收益,9,summary,主要会计数据
600015,华夏银行,基本每股收益,2023,1.48,基本每股收益,9,summary,主要会计数据
600015,华夏银行,归母净利润,2025,27200,归属于上市公司股东的净利润,9,summary,主要会计数据
600015,华夏银行,归母净利润,2024,27676,归属于上市公司股东的净利润,9,summary,主要会计数据
600015,华夏银行,归母净利润,2023,26363,归属于上市公司股东的净利润,9,summary,主要会计数据
600015,华夏银行,归母净资产,2025,395746,归属于上市公司股东的净资产,9,summary,主要会计数据
600015,华夏银行,归母净资产,2024,361982,归属于上市公司股东的净资产,9,summary,主要会计数据
600015,华夏银行,归母净资产,2023,318579,归属于上市公司股东的净资产,9,summary,主要会计数据
600015,华夏银行,总资产,2025,4737619,资产总计,121,statement,
600015,华夏银行,扣非加权平均净资产收益率,2025,8.31,扣除非经常性损益后的加权平均净资产收益率,9,summary,主要会计数据
600015,华夏银行,扣非加权平均净资产收益率,2024,8.84,扣除非经常性损益后的加权平均净资产收益率,9,summary,主要会计数据
600015,华夏银行,扣非加权平均净资产收益率,2023,8.68,扣除非经常性损益后的加权平均净资产收益率,9,summary,主要会计数据
600015,华夏银行,扣非归母净利润,2025,27153,归属于上市公司股东的扣除非经常性损益的净利润,9,summary,主要会计数据
600015,华夏银行,扣非归母净利润,2024,27678,归属于上市公司股东的扣除非经常性损益的净利润,9,summary,主要会计数据
600015,华夏银行,扣非归母净利润,2023,26273,归属于上市公司股东的扣除非经常性损益的净利润,9,summary,主要会计数据
600015,华夏银行,稀释每股收益,2025,1.62,稀释每股收益,9,summary,主要会计数据
600015,华夏银行,稀释每股收益,2024,1.62,稀释每股收益,9,summary,主要会计数据
600015,华夏银行,稀释每股收益,2023,1.48,稀释每股收益,9,summary,主要会计数据
600015,华夏银行,经营活动现金流量净额,2025,69063,经营活动产生的现金流量净额,9,summary,主要会计数据
600015,华夏银行,经营活动现金流量净额,2024,42495,经营活动产生的现金流量净额,9,summary,主要会计数据
600015,华夏银行,经营活动现金流量净额,2023,253177,经营活动产生的现金流量净额,9,summary,主要会计数据
600015,华夏银行,营业收入,2025,91914,营业收入,9,summary,主要会计数据
600015,华夏银行,营业收入,2024,97146,营业收入,9,summary,主要会计数据
600015,华夏银行,营业收入,2023,93207,营业收入,9,summary,主要会计数据
600016,民生银行,净利润,2025,30582,五、净利润,123,statement,
600016,民生银行,归母净利润,2025,30563,归属于本行股东的净利润,225,statement,
600016,民生银行,归母净资产,2025,689637,归属于本行股东权益总额,16,statement,
600016,民生银行,总资产,2025,7832567,资产总计,119,statement,
600016,民生银行,经营活动现金流量净额,2025,-157476,经营活动产生的现金流量净额,47,statement,
600016,民生银行,营业收入,2025,142865,营业收入,15,statement,
600017,日照港,净利润,2025,574468879.94,净利润,152,statement,
600017,日照港,利润总额,2025,749662334.41,利润总额,6,summary,主要会计数据
600017,日照港,利润总额,2024,984792266.82,利润总额,6,summary,主要会计数据
600017,日照港,利润总额,2023,995082764.13,利润总额,6,summary,主要会计数据
600017,日照港,加权平均净资产收益率,2025,3.56,加权平均净资产收益率（%）,6,summary,主要财务指标
600017,日照港,加权平均净资产收益率,2024,4.84,加权平均净资产收益率（%）,6,summary,主要财务指标
600017,日照港,加权平均净资产收益率,2023,4.49,加权平均净资产收益率（%）,6,summary,主要财务指标
600017,日照港,基本每股收益,2025,0.16,基本每股收益（元/股）,6,summary,主要财务指标
600017,日照港,基本每股收益,2024,0.21,基本每股收益（元/股）,6,summary,主要财务指标
600017,日照港,基本每股收益,2023,0.21,基本每股收益（元/股）,6,summary,主要财务指标
600017,日照港,归母净利润,2025,494751561.29,归属于上市公司股东的净利润,6,summary,主要会计数据
600017,日照港,归母净利润,2024,654879931.54,归属于上市公司股东的净利润,6,summary,主要会计数据
600017,日照港,归母净利润,2023,640692476.99,归属于上市公司股东的净利润,6,summary,主要会计数据
600017,日照港,归母净资产,2025,13959838979.5,归属于上市公司股东的净资产,6,summary,主要会计数据
600017,日照港,归母净资产,2024,13767896290.84,归属于上市公司股东的净资产,6,summary,主要会计数据
600017,日照港,归母净资产,2023,13296453872.24,归属于上市公司股东的净资产,6,summary,主要会计数据
600017,日照港,总资产,2025,40225483053.38,总资产,6,summary,主要会计数据
600017,日照港,总资产,2024,40309347527.85,总资产,6,summary,主要会计数据
600017,日照港,总资产,2023,39311496831.16,总资产,6,summary,主要会计数据
600017,日照港,扣非加权平均净资产收益率,2025,3.11,扣除非经常性损益后的加权平均净资产收益率（%）,6,summary,主要财务指标
600017,日照港,扣非加权平均净资产收益率,2024,4.71,扣除非经常性损益后的加权平均净资产收益率（%）,6,summary,主要财务指标
600017,日照港,扣非加权平均净资产收益率,2023,3.47,扣除非经常性损益后的加权平均净资产收益率（%）,6,summary,主要财务指标
600017,日照港,扣非归母净利润,2025,432732026.92,归属于上市公司股东的扣除非经常性损益的净利润,6,summary,主要会计数据
600017,日照港,扣非归母净利润,2024,636742501.54,归属于上市公司股东的扣除非经常性损益的净利润,6,summary,主要会计数据
600017,日照港,扣非归母净利润,2023,495076366.3,归属于上市公司股东的扣除非经常性损益的净利润,6,summary,主要会计数据
600017,日照港,稀释每股收益,2025,0.16,稀释每股收益（元/股）,6,summary,主要财务指标
600017,日照港,稀释每股收益,2024,0.21,稀释每股收益（元/股）,6,summary,主要财务指标
600017,日照港,稀释每股收益,2023,0.21,稀释每股收益（元/股）,6,summary,主要财务指标
600017,日照港,经营活动现金流量净额,2025,2213472409.35,经营活动产生的现金流量净额,6,summary,主要会计数据
600017,日照港,经营活动现金流量净额,2024,2533629433.2,经营活动产生的现金流量净额,6,summary,主要会计数据
600017,日照港,经营活动现金流量净额,2023,2742086840.9,经营活动产生的现金流量净额,6,summary,主要会计数据
600017,日照港,营业收入,2025,7816506372.83,营业收入,6,summary,主要会计数据
600017,日照港,营业收入,2024,8455944998.39,营业收入,6,summary,主要会计数据
600017,日照港,营业收入,2023,8156809722.67,营业收入,6,summary,主要会计数据
600018,上港集团,利润总额,2025,18210725308.28,利润总额,7,summary,主要会计数据
600018,上港集团,利润总额,2024,18716152788.92,利润总额,7,summary,主要会计数据
600018,上港集团,利润总额,2023,16246855824.88,利润总额,7,summary,主要会计数据
600018,上港集团,加权平均净资产收益率,2025,9.879,加权平均净资产收益率（%）,7,summary,主要财务指标
600018,上港集团,加权平均净资产收益率,2024,11.669,加权平均净资产收益率（%）,7,summary,主要财务指标
600018,上港集团,加权平均净资产收益率,2023,11.2484,加权平均净资产收益率（%）,7,summary,主要财务指标
600018,上港集团,基本每股收益,2025,0.5837,基本每股收益（元/股）,7,summary,主要财务指标
600018,上港集团,基本每股收益,2024,0.644,基本每股收益（元/股）,7,summary,主要财务指标
600018,上港集团,基本每股收益,2023,0.5691,基本每股收益（元/股）,7,summary,主要财务指标
600018,上港集团,归母净利润,2024,14954353821.25,归属于上市公司股东的净利润,7,summary,主要会计数据
600018,上港集团,归母净利润,2023,13203137528.87,归属于上市公司股东的净利润,7,summary,主要会计数据
600018,上港集团,归母净资产,2025,140941511746.6,归属于上市公司股东的净资产,7,summary,主要会计数据
600018,上港集团,归母净资产,2024,133306892061.01,归属于上市公司股东的净资产,7,summary,主要会计数据
600018,上港集团,总资产,2025,221735642992.73,总资产,7,summary,主要会计数据
600018,上港集团,总资产,2024,212055541073.03,总资产,7,summary,主要会计数据
600018,上港集团,总资产,2023,203575515172.97,总资产,7,summary,主要会计数据
600018,上港集团,扣非加权平均净资产收益率,2025,8.8859,扣除非经常性损益后的加权平均净资产收益率(%),7,summary,主要财务指标
600018,上港集团,扣非加权平均净资产收益率,2024,10.3602,扣除非经常性损益后的加权平均净资产收益率(%),7,summary,主要财务指标
600018,上港集团,扣非加权平均净资产收益率,2023,10.7088,扣除非经常性损益后的加权平均净资产收益率(%),7,summary,主要财务指标
600018,上港集团,扣非归母净利润,2025,12201008971.89,归属于上市公司股东的扣除非经常性损益的净利润,7,summary,主要会计数据
600018,上港集团,扣非归母净利润,2024,13277027736.82,归属于上市公司股东的扣除非经常性损益的净利润,7,summary,主要会计数据
600018,上港集团,扣非归母净利润,2023,12569819846.12,归属于上市公司股东的扣除非经常性损益的净利润,7,summary,主要会计数据
600018,上港集团,稀释每股收益,2025,0.5834,稀释每股收益（元/股）,7,summary,主要财务指标
600018,上港集团,稀释每股收益,2024,0.6436,稀释每股收益（元/股）,7,summary,主要财务指标
600018,上港集团,稀释每股收益,2023,0.5688,稀释每股收益（元/股）,7,summary,主要财务指标
600018,上港集团,经营活动现金流量净额,2025,11803101933.55,经营活动产生的现金流量净额,7,summary,主要会计数据
600018,上港集团,经营活动现金流量净额,2024,9221353632.25,经营活动产生的现金流量净额,7,summary,主要会计数据
600018,上港集团,营业收入,2025,39611497351.53,营业收入,7,summary,主要会计数据
600018,上港集团,营业收入,2024,38116972285.82,营业收入,7,summary,主要会计数据
600018,上港集团,营业收入,2023,37551570005.56,营业收入,7,summary,主要会计数据
600019,宝钢股份,净利润,2025,11412105974.05,净利润,189,statement,
600019,宝钢股份,利润总额,2025,13157,利润总额,6,summary,主要会计数据
600019,宝钢股份,利润总额,2024,9339,利润总额,6,summary,主要会计数据
600019,宝钢股份,利润总额,2023,15086,利润总额,6,summary,主要会计数据
600019,宝钢股份,加权平均净资产收益率,2025,5.07,加权平均净资产收益率（%）,7,summary,主要财务指标
600019,宝钢股份,加权平均净资产收益率,2024,3.65,加权平均净资产收益率（%）,7,summary,主要财务指标
600019,宝钢股份,加权平均净资产收益率,2023,6.01,加权平均净资产收益率（%）,7,summary,主要财务指标
600019,宝钢股份,基本每股收益,2025,0.48,基本每股收益（元/股）,7,summary,主要财务指标
600019,宝钢股份,基本每股收益,2024,0.34,基本每股收益（元/股）,7,summary,主要财务指标
600019,宝钢股份,基本每股收益,2023,0.54,基本每股收益（元/股）,7,summary,主要财务指标
600019,宝钢股份,归母净利润,2025,10346,归属于上市公司股东的净利润,6,summary,主要会计数据
600019,宝钢股份,归母净利润,2024,7362,归属于上市公司股东的净利润,6,summary,主要会计数据
600019,宝钢股份,归母净利润,2023,11944,归属于上市公司股东的净利润,6,summary,主要会计数据
600019,宝钢股份,归母净资产,2025,206165,归属于上市公司股东的净资产,6,summary,主要会计数据
600019,宝钢股份,归母净资产,2024,200548,归属于上市公司股东的净资产,6,summary,主要会计数据
600019,宝钢股份,归母净资产,2023,200325,归属于上市公司股东的净资产,6,summary,主要会计数据
600019,宝钢股份,总资产,2025,363020,总资产,6,summary,主要会计数据
600019,宝钢股份,总资产,2024,364874,总资产,6,summary,主要会计数据
600019,宝钢股份,总资产,2023,376051,总资产,6,summary,主要会计数据
600019,宝钢股份,扣非加权平均净资产收益率,2025,4.86,扣除非经常性损益后的加权平均净资产收益率（%）,7,summary,主要财务指标
600019,宝钢股份,扣非加权平均净资产收益率,2024,3.39,扣除非经常性损益后的加权平均净资产收益率（%）,7,summary,主要财务指标
600019,宝钢股份,扣非加权平均净资产收益率,2023,5.26,扣除非经常性损益后的加权平均净资产收益率（%）,7,summary,主要财务指标
600019,宝钢股份,扣非归母净利润,2025,9903,归属于上市公司股东的扣除非经常性损益的净利润,6,summary,主要会计数据
600019,宝钢股份,扣非归母净利润,2024,6841,归属于上市公司股东的扣除非经常性损益的净利润,6,summary,主要会计数据
600019,宝钢股份,扣非归母净利润,2023,10453,归属于上市公司股东的扣除非经常性损益的净利润,6,summary,主要会计数据
600019,宝钢股份,稀释每股收益,2025,0.48,稀释每股收益（元／股）,7,summary,主要财务指标
600019,宝钢股份,稀释每股收益,2024,0.34,稀释每股收益（元／股）,7,summary,主要财务指标
600019,宝钢股份,稀释每股收益,2023,0.55,稀释每股收益（元／股）,7,summary,主要财务指标
600019,宝钢股份,经营活动现金流量净额,2025,33597,经营活动产生的现金流量净额,6,summary,主要会计数据
600019,宝钢股份,经营活动现金流量净额,2024,27736,经营活动产生的现金流量净额,6,summary,主要会计数据
600019,宝钢股份,经营活动现金流量净额,2023,25302,经营活动产生的现金流量净额,6,summary,主要会计数据
600019,宝钢股份,营业收入,2025,317508,营业收入,6,summary,主要会计数据
600019,宝钢股份,营业收入,2024,322116,营业收入,6,summary,主要会计数据
600019,宝钢股份,营业收入,2023,344500,营业收入,6,summary,主要会计数据
600020,中原高速,净利润,2025,628240025.58,净利润,189,statement,
600020,中原高速,利润总额,2025,1178344931.83,利润总额,6,summary,主要会计数据
600020,中原高速,加权平均净资产收益率,2025,4.5,加权平均净资产收益率(%),6,summary,主要财务指标
600020,中原高速,基本每股收益,2025,0.2294,基本每股收益（元／股）,6,summary,主要财务指标
600020,中原高速,归母净利润,2025,628486055.17,归属于上市公司股东的净利润,6,summary,主要会计数据
600020,中原高速,归母净资产,2025,15632636471.68,归属于上市公司股东的净资产,6,summary,主要会计数据
600020,中原高速,总资产,2025,53545897731.88,总资产,6,summary,主要会计数据
600020,中原高速,扣非加权平均净资产收益率,2025,3.22,扣除非经常性损益后的加权平均净资产收益率（%）,6,summary,主要财务指标
600020,中原高速,扣非归母净利润,2025,481646211.51,归属于上市公司股东的扣除非经常性损益的净利润,6,summary,主要会计数据
600020,中原高速,稀释每股收益,2025,0.2294,稀释每股收益（元／股）,6,summary,主要财务指标
600020,中原高速,经营活动现金流量净额,2025,2456202493.3,经营活动产生的现金流量净额,6,summary,主要会计数据
600020,中原高速,营业收入,2025,6598781551.16,营业收入,6,summary,主要会计数据
600021,上海电力,利润总额,2025,6483819562.57,利润总额,6,summary,主要会计数据
600021,上海电力,利润总额,2024,5196305654.2,利润总额,6,summary,主要会计数据
600021,上海电力,加权平均净资产收益率,2025,12.41,加权平均净资产收益率（%）,7,summary,主要财务指标
600021,上海电力,加权平均净资产收益率,2024,9.33,加权平均净资产收益率（%）,7,summary,主要财务指标
600021,上海电力,加权平均净资产收益率,2023,8.14,加权平均净资产收益率（%）,7,summary,主要财务指标
600021,上海电力,基本每股收益,2025,0.8727,基本每股收益（元／股）,7,summary,主要财务指标
600021,上海电力,基本每股收益,2024,0.6172,基本每股收益（元／股）,7,summary,主要财务指标
600021,上海电力,基本每股收益,2023,0.4954,基本每股收益（元／股）,7,summary,主要财务指标
600021,上海电力,归母净利润,2025,2767376498.04,归属于上市公司股东的净利润,6,summary,主要会计数据
600021,上海电力,归母净利润,2024,2045978960.3,归属于上市公司股东的净利润,6,summary,主要会计数据
600021,上海电力,总资产,2025,206621804078.57,总资产,6,summary,主要会计数据
600021,上海电力,扣非加权平均净资产收益率,2025,11.54,扣除非经常性损益后的加权平均净资产收益率（%）,7,summary,主要财务指标
600021,上海电力,扣非加权平均净资产收益率,2024,8.52,扣除非经常性损益后的加权平均净资产收益率（%）,7,summary,主要财务指标
600021,上海电力,扣非加权平均净资产收益率,2023,7.65,扣除非经常性损益后的加权平均净资产收益率（%）,7,summary,主要财务指标
600021,上海电力,扣非归母净利润,2025,2594385629.23,归属于上市公司股东的扣除非经常性损益的净利润,6,summary,主要会计数据
600021,上海电力,扣非归母净利润,2024,1894695413.48,归属于上市公司股东的扣除非经常性损益的净利润,6,summary,主要会计数据
600021,上海电力,扣非归母净利润,2023,1496990353.98,归属于上市公司股东的扣除非经常性损益的净利润,6,summary,主要会计数据
600021,上海电力,稀释每股收益,2025,0.8725,稀释每股收益（元／股）,7,summary,主要财务指标
600021,上海电力,稀释每股收益,2024,0.6172,稀释每股收益（元／股）,7,summary,主要财务指标
600021,上海电力,稀释每股收益,2023,0.4954,稀释每股收益（元／股）,7,summary,主要财务指标
600021,上海电力,经营活动现金流量净额,2025,13076133546.29,经营活动产生的现金流量净额,6,summary,主要会计数据
600021,上海电力,经营活动现金流量净额,2024,8172473975.07,经营活动产生的现金流量净额,6,summary,主要会计数据
600021,上海电力,经营活动现金流量净额,2023,7405846989.44,经营活动产生的现金流量净额,6,summary,主要会计数据
600021,上海电力,营业收入,2025,41858345423.78,营业收入,6,summary,主要会计数据
600021,上海电力,营业收入,2024,42733886034.16,营业收入,6,summary,主要会计数据
600021,上海电力,营业收入,2023,42401756975.54,营业收入,6,summary,主要会计数据
600022,山东钢铁,净利润,2025,577910221.06,净利润,148,statement,
600022,山东钢铁,利润总额,2025,484723551.07,利润总额,7,summary,主要会计数据
600022,山东钢铁,加权平均净资产收益率,2025,0.54,加权平均净资产收益率（%）,7,summary,主要财务指标
600022,山东钢铁,基本每股收益,2025,0.01,基本每股收益（元/股）,7,summary,主要财务指标
600022,山东钢铁,归母净利润,2025,105944958.44,归属于上市公司股东的净利润,7,summary,主要会计数据
600022,山东钢铁,归母净资产,2025,19007536896.98,归属于上市公司股东的净资产,7,summary,主要会计数据
600022,山东钢铁,总资产,2025,81199915164.2,总资产,7,summary,主要会计数据
600022,山东钢铁,扣非加权平均净资产收益率,2025,0.13,扣除非经常性损益后的加权平均净资产收益率（%）,7,summary,主要财务指标
600022,山东钢铁,扣非归母净利润,2025,25108677.79,归属于上市公司股东的扣除非经常性损益的净利润,7,summary,主要会计数据
600022,山东钢铁,稀释每股收益,2025,0.01,稀释每股收益（元／股）,7,summary,主要财务指标
600022,山东钢铁,经营活动现金流量净额,2025,4393581721.72,经营活动产生的现金流量净额,7,summary,主要会计数据
600022,山东钢铁,营业收入,2025,67252824464.84,营业收入,7,summary,主要会计数据
600023,浙能电力,净利润,2025,7639192784.78,净利润,173,statement,
600023,浙能电力,利润总额,2025,9079644883.05,利润总额,6,summary,主要会计数据
600023,浙能电力,加权平均净资产收益率,2025,10.1,加权平均净资产收益率(%),6,summary,主要财务指标
600023,浙能电力,基本每股收益,2025,0.56,基本每股收益（元/股）,6,summary,主要财务指标
600023,浙能电力,归母净利润,2025,7528041660.9,归属于上市公司股东的净利润,6,summary,主要会计数据
600023,浙能电力,归母净资产,2025,76512396209.44,归属于上市公司股东的净资产,6,summary,主要会计数据
600023,浙能电力,总资产,2025,156337713781.7,总资产,6,summary,主要会计数据
600023,浙能电力,扣非加权平均净资产收益率,2025,9.65,扣除非经常性损益后的加权平均净资产收益率（%）,6,summary,主要财务指标
600023,浙能电力,扣非归母净利润,2025,7190755196.45,归属于上市公司股东的扣除非经常性损益的净利润,6,summary,主要会计数据
600023,浙能电力,稀释每股收益,2025,0.56,稀释每股收益（元／股）,6,summary,主要财务指标
600023,浙能电力,经营活动现金流量净额,2025,11453605477.23,经营活动产生的现金流量净额,6,summary,主要会计数据
600023,浙能电力,营业收入,2025,79553931304.55,营业收入,6,summary,主要会计数据
600025,华能水电,净利润,2025,9217292441.49,净利润,220,statement,
600025,华能水电,利润总额,2025,10767871496.69,利润总额,6,summary,主要会计数据
600025,华能水电,利润总额,2024,10364843135.1,利润总额,6,summary,主要会计数据
600025,华能水电,利润总额,2023,9419940254.92,利润总额,6,summary,主要会计数据
600025,华能水电,加权平均净资产收益率,2025,12.93,加权平均净资产收益率（%）,7,summary,主要财务指标
600025,华能水电,加权平均净资产收益率,2024,11.85,加权平均净资产收益率（%）,7,summary,主要财务指标
600025,华能水电,加权平均净资产收益率,2023,10.5,加权平均净资产收益率（%）,7,summary,主要财务指标
600025,华能水电,基本每股收益,2025,0.45,基本每股收益（元／股）,7,summary,主要财务指标
600025,华能水电,基本每股收益,2024,0.44,基本每股收益（元／股）,7,summary,主要财务指标
600025,华能水电,基本每股收益,2023,0.4,基本每股收益（元／股）,7,summary,主要财务指标
600025,华能水电,归母净利润,2025,8504138221.82,归属于上市公司股东的净利润,6,summary,主要会计数据
600025,华能水电,归母净利润,2024,8297028967.06,归属于上市公司股东的净利润,6,summary,主要会计数据
600025,华能水电,归母净利润,2023,7638074711,归属于上市公司股东的净利润,6,summary,主要会计数据
600025,华能水电,归母净资产,2025,81959909489.75,归属于上市公司股东的净资产,6,summary,主要会计数据
600025,华能水电,归母净资产,2024,73601150226.64,归属于上市公司股东的净资产,6,summary,主要会计数据
600025,华能水电,归母净资产,2023,67329060271.14,归属于上市公司股东的净资产,6,summary,主要会计数据
600025,华能水电,总资产,2025,226717001711.92,总资产,6,summary,主要会计数据
600025,华能水电,总资产,2024,214607123371.44,总资产,6,summary,主要会计数据
600025,华能水电,总资产,2023,195239265297.35,总资产,6,summary,主要会计数据
600025,华能水电,扣非加权平均净资产收益率,2025,12.96,扣除非经常性损益后的加权平均净资产收益率（%）,7,summary,主要财务指标
600025,华能水电,扣非加权平均净资产收益率,2024,11.86,扣除非经常性损益后的加权平均净资产收益率（%）,7,summary,主要财务指标
600025,华能水电,扣非加权平均净资产收益率,2023,9.82,扣除非经常性损益后的加权平均净资产收益率（%）,7,summary,主要财务指标
600025,华能水电,扣非归母净利润,2025,8523634319.24,归属于上市公司股东的扣除非经常性损益的净利润,6,summary,主要会计数据
600025,华能水电,扣非归母净利润,2024,8303697031.98,归属于上市公司股东的扣除非经常性损益的净利润,6,summary,主要会计数据
600025,华能水电,扣非归母净利润,2023,7119747458.11,归属于上市公司股东的扣除非经常性损益的净利润,6,summary,主要会计数据
600025,华能水电,稀释每股收益,2025,0.45,稀释每股收益（元／股）,7,summary,主要财务指标
600025,华能水电,稀释每股收益,2024,0.44,稀释每股收益（元／股）,7,summary,主要财务指标
600025,华能水电,稀释每股收益,2023,0.4,稀释每股收益（元／股）,7,summary,主要财务指标
600025,华能水电,经营活动现金流量净额,2025,19048606224.95,经营活动产生的现金流量净额,6,summary,主要会计数据
600025,华能水电,经营活动现金流量净额,2024,17553802019.74,经营活动产生的现金流量净额,6,summary,主要会计数据
600025,华能水电,经营活动现金流量净额,2023,17062571354.07,经营活动产生的现金流量净额,6,summary,主要会计数据
600025,华能水电,营业收入,2025,26595330703.95,营业收入,6,summary,主要会计数据
600025,华能水电,营业收入,2024,24881606852.66,营业收入,6,summary,主要会计数据
600025,华能水电,营业收入,2023,23461331621.17,营业收入,6,summary,主要会计数据
600026,中远海能,净利润,2025,4423130170.66,净利润,185,statement,
600026,中远海能,利润总额,2025,5356649868.53,利润总额,7,summary,主要会计数据
600026,中远海能,加权平均净资产收益率,2025,10.42,加权平均净资产收益率（%）,7,summary,主要财务指标
600026,中远海能,基本每股收益,2025,0.8262,基本每股收益（元/股）,7,summary,主要财务指标
600026,中远海能,归母净利润,2025,4037310920.74,归属于上市公司股东的净利润,7,summary,主要会计数据
600026,中远海能,归母净资产,2025,46405181844.18,归属于上市公司股东的净资产,7,summary,主要会计数据
600026,中远海能,总资产,2025,92078580074.13,总资产,7,summary,主要会计数据
600026,中远海能,扣非加权平均净资产收益率,2025,8.63,扣除非经常性损益后的加权平均净资产收益率（%）,7,summary,主要财务指标
600026,中远海能,扣非归母净利润,2025,3342612184.8,归属于上市公司股东的扣除非经常性损益的净利润,7,summary,主要会计数据
600026,中远海能,稀释每股收益,2025,0.8262,稀释每股收益（元／股）,7,summary,主要财务指标
600026,中远海能,经营活动现金流量净额,2025,7389147370.26,经营活动产生的现金流量净额,7,summary,主要会计数据
600026,中远海能,营业收入,2025,23892259789.49,营业收入,7,summary,主要会计数据
600027,华电国际,净利润,2025,8216590,净利润,312,statement,
600027,华电国际,利润总额,2025,10647781,利润总额,8,summary,主要会计数据
600027,华电国际,加权平均净资产收益率,2025,11.81,加权平均净资产收益率（%）,9,summary,主要财务指标
600027,华电国际,基本每股收益,2025,0.49,基本每股收益（元/股）,9,summary,主要财务指标
600027,华电国际,归母净利润,2025,6070315,归属于上市公司股东的净利润,8,summary,主要会计数据
600027,华电国际,归母净资产,2025,69162202,归属于上市公司股东的净资产,8,summary,主要会计数据
600027,华电国际,总资产,2025,264230768,总资产,8,summary,主要会计数据
600027,华电国际,扣非加权平均净资产收益率,2025,10.65,扣除非经常性损益后的加权平均净资产收益率（%）,9,summary,主要财务指标
600027,华电国际,扣非归母净利润,2025,5687523,归属于上市公司股东的扣除非经常性损益的净利润,8,summary,主要会计数据
600027,华电国际,经营活动现金流量净额,2025,27220563,经营活动产生的现金流量净额,8,summary,主要会计数据
600027,华电国际,营业收入,2025,126012591,营业收入,8,summary,主要会计数据
600028,中国石化,净利润,2025,50313,1. 净利润,104,statement,
600028,中国石化,利润总额,2025,43184,利润总额,146,statement,
600028,中国石化,基本每股收益,2025,0.262,基本每股收益,5,statement,
600028,中国石化,归母净利润,2025,31809,归属于母公司股东的净利润（人民币百万元）,167,statement,
600028,中国石化,归母净资产,2025,830324,归属于母公司股东权益,5,statement,
600028,中国石化,总资产,2025,2153485,总资产,28,statement,
600028,中国石化,扣非归母净利润,2025,29529,扣除非经常性损益后归属于母公司股东的净利润（人民币百万元）,84,statement,
600028,中国石化,经营活动现金流量净额,2025,-3280213,经营活动产生的现金流量净额,102,statement,
600028,中国石化,营业收入,2025,2783583,营业收入,5,statement,
600029,南方航空,净利润,2025,2685,净利润,190,statement,
600029,南方航空,利润总额,2025,4811,利润总额,8,summary,主要会计数据
600029,南方航空,利润总额,2024,1581,利润总额,8,summary,主要会计数据
600029,南方航空,利润总额,2023,-1645,利润总额,8,summary,主要会计数据
600029,南方航空,加权平均净资产收益率,2025,2.44,加权平均净资产收益率（%）,8,summary,主要财务指标
600029,南方航空,加权平均净资产收益率,2024,-4.72,加权平均净资产收益率（%）,8,summary,主要财务指标
600029,南方航空,加权平均净资产收益率,2023,-10.81,加权平均净资产收益率（%）,8,summary,主要财务指标
600029,南方航空,基本每股收益,2025,0.05,基本每股收益/(亏损)（元／股),8,summary,主要财务指标
600029,南方航空,基本每股收益,2024,-0.09,基本每股收益/(亏损)（元／股),8,summary,主要财务指标
600029,南方航空,基本每股收益,2023,-0.23,基本每股收益/(亏损)（元／股),8,summary,主要财务指标
600029,南方航空,归母净利润,2025,857,归属于上市公司股东的净利润/(亏损),8,summary,主要会计数据
600029,南方航空,归母净利润,2024,-1696,归属于上市公司股东的净利润/(亏损),8,summary,主要会计数据
600029,南方航空,归母净利润,2023,-4209,归属于上市公司股东的净利润/(亏损),8,summary,主要会计数据
600029,南方航空,归母净资产,2025,35580,归属于上市公司股东的净资产,8,summary,主要会计数据
600029,南方航空,归母净资产,2024,34729,归属于上市公司股东的净资产,8,summary,主要会计数据
600029,南方航空,归母净资产,2023,36784,归属于上市公司股东的净资产,8,summary,主要会计数据
600029,南方航空,总资产,2025,349814,总资产,8,summary,主要会计数据
600029,南方航空,总资产,2024,329738,总资产,8,summary,主要会计数据
600029,南方航空,总资产,2023,309226,总资产,8,summary,主要会计数据
600029,南方航空,扣非加权平均净资产收益率,2025,0.41,扣除非经常性损益后的加权平均净资产收益率（%）,8,summary,主要财务指标
600029,南方航空,扣非加权平均净资产收益率,2024,-10.99,扣除非经常性损益后的加权平均净资产收益率（%）,8,summary,主要财务指标
600029,南方航空,扣非加权平均净资产收益率,2023,-16.49,扣除非经常性损益后的加权平均净资产收益率（%）,8,summary,主要财务指标
600029,南方航空,扣非归母净利润,2025,145,归属于上市公司股东的扣除非经常性损益的净利润/(亏损),8,summary,主要会计数据
600029,南方航空,扣非归母净利润,2024,-3948,归属于上市公司股东的扣除非经常性损益的净利润/(亏损),8,summary,主要会计数据
600029,南方航空,扣非归母净利润,2023,-6420,归属于上市公司股东的扣除非经常性损益的净利润/(亏损),8,summary,主要会计数据
600029,南方航空,稀释每股收益,2025,0.05,稀释每股收益/(亏损)（元/股）,8,summary,主要财务指标
600029,南方航空,稀释每股收益,2024,-0.09,稀释每股收益/(亏损)（元/股）,8,summary,主要财务指标
600029,南方航空,稀释每股收益,2023,-0.23,稀释每股收益/(亏损)（元/股）,8,summary,主要财务指标
600029,南方航空,经营活动现金流量净额,2025,38209,经营活动产生的现金流量净额,8,summary,主要会计数据
600029,南方航空,经营活动现金流量净额,2024,31445,经营活动产生的现金流量净额,8,summary,主要会计数据
600029,南方航空,经营活动现金流量净额,2023,40134,经营活动产生的现金流量净额,8,summary,主要会计数据
600029,南方航空,营业收入,2025,182256,营业收入,8,summary,主要会计数据
600029,南方航空,营业收入,2024,174224,营业收入,8,summary,主要会计数据
600029,南方航空,营业收入,2023,159929,营业收入,8,summary,主要会计数据
600030,中信证券,净利润,2025,30076100951.5,(一) 净利润,189,statement,
600030,中信证券,利润总额,2025,39822903030.26,利润总额,19,summary,主要会计数据
600030,中信证券,加权平均净资产收益率,2025,10.59,加权平均净资产收益率(%),20,summary,主要财务指标
600030,中信证券,基本每股收益,2025,1.96,基本每股收益（元／股）,20,summary,主要财务指标
600030,中信证券,归母净利润,2025,30076100951.5,归属于母公司股 东的净利润,19,summary,主要会计数据
600030,中信证券,归母净资产,2025,319930442478.96,归属于母公司股东权益合计,178,statement,
600030,中信证券,扣非加权平均净资产收益率,2025,10.67,扣除非经常性损益后的加权平均净资产收益率,20,summary,主要财务指标
600030,中信证券,稀释每股收益,2025,1.96,稀释每股收益（元／股）,20,summary,主要财务指标
600030,中信证券,经营活动现金流量净额,2025,74104321265.96,经营活动产生的现金 流量净额,36,statement,
600030,中信证券,营业收入,2025,74854368352.85,营业收入,19,summary,主要会计数据
600031,三一重工,净利润,2025,8487650,净利润,178,statement,
600031,三一重工,利润总额,2025,9907171,利润总额,6,summary,主要会计数据
600031,三一重工,利润总额,2023,5316554,利润总额,6,summary,主要会计数据
600031,三一重工,加权平均净资产收益率,2025,11.18,加权平均净资产收益率（%）,7,summary,主要财务指标
600031,三一重工,加权平均净资产收益率,2023,6.85,加权平均净资产收益率（%）,7,summary,主要财务指标
600031,三一重工,基本每股收益,2025,0.9834,基本每股收益（元／股）,7,summary,主要财务指标
600031,三一重工,基本每股收益,2023,0.5347,基本每股收益（元／股）,7,summary,主要财务指标
600031,三一重工,归母净利润,2025,8408057,归属于上市公司股东的净利润,6,summary,主要会计数据
600031,三一重工,归母净利润,2023,4527451,归属于上市公司股东的净利润,6,summary,主要会计数据
600031,三一重工,归母净资产,2025,88331244,归属于上市公司股东的净资产,6,summary,主要会计数据
600031,三一重工,归母净资产,2023,68029017,归属于上市公司股东的净资产,6,summary,主要会计数据
600031,三一重工,总资产,2025,173299138,总资产,6,summary,主要会计数据
600031,三一重工,总资产,2023,151203358,总资产,6,summary,主要会计数据
600031,三一重工,扣非加权平均净资产收益率,2025,10.93,扣除非经常性损益后的加权平均净资产收益率（%）,7,summary,主要财务指标
600031,三一重工,扣非加权平均净资产收益率,2023,6.64,扣除非经常性损益后的加权平均净资产收益率（%）,7,summary,主要财务指标
600031,三一重工,扣非归母净利润,2025,8221213,归属于上市公司股东的扣除非经常性损益的净利润,6,summary,主要会计数据
600031,三一重工,扣非归母净利润,2023,4388393,归属于上市公司股东的扣除非经常性损益的净利润,6,summary,主要会计数据
600031,三一重工,稀释每股收益,2025,0.9834,稀释每股收益（元／股）,7,summary,主要财务指标
600031,三一重工,稀释每股收益,2023,0.5347,稀释每股收益（元／股）,7,summary,主要财务指标
600031,三一重工,经营活动现金流量净额,2025,19975261,经营活动产生的现金流量净额,6,summary,主要会计数据
600031,三一重工,经营活动现金流量净额,2023,5708220,经营活动产生的现金流量净额,6,summary,主要会计数据
600031,三一重工,营业收入,2025,89231023,营业收入,6,summary,主要会计数据
600031,三一重工,营业收入,2023,73221725,营业收入,6,summary,主要会计数据
600032,浙江新能,净利润,2025,748167841.71,净利润,231,statement,
600032,浙江新能,利润总额,2025,910775899.96,利润总额,8,summary,主要会计数据
600032,浙江新能,利润总额,2024,1000536620.65,利润总额,8,summary,主要会计数据
600032,浙江新能,利润总额,2023,1108823203.32,利润总额,8,summary,主要会计数据
600032,浙江新能,加权平均净资产收益率,2025,4,加权平均净资产收益率（%）,8,summary,主要财务指标
600032,浙江新能,加权平均净资产收益率,2024,4.61,加权平均净资产收益率（%）,8,summary,主要财务指标
600032,浙江新能,加权平均净资产收益率,2023,5.78,加权平均净资产收益率（%）,8,summary,主要财务指标
600032,浙江新能,基本每股收益,2025,0.2104,基本每股收益（元／股）,8,summary,主要财务指标
600032,浙江新能,基本每股收益,2024,0.2356,基本每股收益（元／股）,8,summary,主要财务指标
600032,浙江新能,基本每股收益,2023,0.2731,基本每股收益（元／股）,8,summary,主要财务指标
600032,浙江新能,归母净利润,2025,505929621.97,归属于上市公司股东的净利润,8,summary,主要会计数据
600032,浙江新能,归母净利润,2024,566503398.38,归属于上市公司股东的净利润,8,summary,主要会计数据
600032,浙江新能,归母净利润,2023,627154547.19,归属于上市公司股东的净利润,8,summary,主要会计数据
600032,浙江新能,归母净资产,2025,12812085079.49,归属于上市公司股东的净资产,8,summary,主要会计数据
600032,浙江新能,归母净资产,2024,12431604330.72,归属于上市公司股东的净资产,8,summary,主要会计数据
600032,浙江新能,归母净资产,2023,12097215533.52,归属于上市公司股东的净资产,8,summary,主要会计数据
600032,浙江新能,总资产,2025,58658205206.05,总资产,8,summary,主要会计数据
600032,浙江新能,总资产,2024,58903064047.15,总资产,8,summary,主要会计数据
600032,浙江新能,总资产,2023,52931409055.5,总资产,8,summary,主要会计数据
600032,浙江新能,扣非加权平均净资产收益率,2025,3.79,扣除非经常性损益后的加权平均净资产收益率（%）,8,summary,主要财务指标
600032,浙江新能,扣非加权平均净资产收益率,2024,4.05,扣除非经常性损益后的加权平均净资产收益率（%）,8,summary,主要财务指标
600032,浙江新能,扣非加权平均净资产收益率,2023,5.54,扣除非经常性损益后的加权平均净资产收益率（%）,8,summary,主要财务指标
600032,浙江新能,扣非归母净利润,2025,479610928.24,归属于上市公司股东的扣除非经常性损益的净利润,8,summary,主要会计数据
600032,浙江新能,扣非归母净利润,2024,497637301.21,归属于上市公司股东的扣除非经常性损益的净利润,8,summary,主要会计数据
600032,浙江新能,扣非归母净利润,2023,600905680.09,归属于上市公司股东的扣除非经常性损益的净利润,8,summary,主要会计数据
600032,浙江新能,稀释每股收益,2025,0.2104,稀释每股收益（元／股）,8,summary,主要财务指标
600032,浙江新能,稀释每股收益,2024,0.2356,稀释每股收益（元／股）,8,summary,主要财务指标
600032,浙江新能,稀释每股收益,2023,0.2731,稀释每股收益（元／股）,8,summary,主要财务指标
600032,浙江新能,经营活动现金流量净额,2025,4500327841.7,经营活动产生的现金流量净额,8,summary,主要会计数据
600032,浙江新能,经营活动现金流量净额,2024,2823767264.86,经营活动产生的现金流量净额,8,summary,主要会计数据
600032,浙江新能,经营活动现金流量净额,2023,2460019850.71,经营活动产生的现金流量净额,8,summary,主要会计数据
600032,浙江新能,营业收入,2025,4876154927.31,营业收入,8,summary,主要会计数据
600032,浙江新能,营业收入,2024,4961309503.59,营业收入,8,summary,主要会计数据
600032,浙江新能,营业收入,2023,4523417132.95,营业收入,8,summary,主要会计数据
600033,福建高速,净利润,2025,1178934987.25,净利润,140,statement,
600033,福建高速,利润总额,2025,1579817433.26,利润总额,7,summary,主要会计数据
600033,福建高速,利润总额,2024,1427028000.24,利润总额,7,summary,主要会计数据
600033,福建高速,利润总额,2023,1552085606.53,利润总额,7,summary,主要会计数据
600033,福建高速,加权平均净资产收益率,2025,7.86,加权平均净资产收益率（%）,7,summary,主要财务指标
600033,福建高速,加权平均净资产收益率,2024,6.87,加权平均净资产收益率（%）,7,summary,主要财务指标
600033,福建高速,加权平均净资产收益率,2023,8.18,加权平均净资产收益率（%）,7,summary,主要财务指标
600033,福建高速,基本每股收益,2025,0.3455,基本每股收益（元／股）,7,summary,主要财务指标
600033,福建高速,基本每股收益,2024,0.2845,基本每股收益（元／股）,7,summary,主要财务指标
600033,福建高速,基本每股收益,2023,0.3288,基本每股收益（元／股）,7,summary,主要财务指标
600033,福建高速,归母净利润,2025,948283788.91,归属于上市公司股东的净利润,7,summary,主要会计数据
600033,福建高速,归母净利润,2024,780773084.1,归属于上市公司股东的净利润,7,summary,主要会计数据
600033,福建高速,归母净利润,2023,902256084.22,归属于上市公司股东的净利润,7,summary,主要会计数据
600033,福建高速,归母净资产,2025,12411482886.16,归属于上市公司股东的净资产,7,summary,主要会计数据
600033,福建高速,归母净资产,2024,11651861644.45,归属于上市公司股东的净资产,7,summary,主要会计数据
600033,福建高速,归母净资产,2023,11133731409.94,归属于上市公司股东的净资产,7,summary,主要会计数据
600033,福建高速,总资产,2025,17826294225.66,总资产,7,summary,主要会计数据
600033,福建高速,总资产,2024,17288268309.17,总资产,7,summary,主要会计数据
600033,福建高速,总资产,2023,16753669563.84,总资产,7,summary,主要会计数据
600033,福建高速,扣非加权平均净资产收益率,2025,7.91,扣除非经常性损益后的加权平均净资产收益率（%）,7,summary,主要财务指标
600033,福建高速,扣非加权平均净资产收益率,2024,6.98,扣除非经常性损益后的加权平均净资产收益率（%）,7,summary,主要财务指标
600033,福建高速,扣非加权平均净资产收益率,2023,8.35,扣除非经常性损益后的加权平均净资产收益率（%）,7,summary,主要财务指标
600033,福建高速,扣非归母净利润,2025,954335484.03,归属于上市公司股东的扣除非经常性损益的净利润,7,summary,主要会计数据
600033,福建高速,扣非归母净利润,2024,792581778.8,归属于上市公司股东的扣除非经常性损益的净利润,7,summary,主要会计数据
600033,福建高速,扣非归母净利润,2023,921389130.64,归属于上市公司股东的扣除非经常性损益的净利润,7,summary,主要会计数据
600033,福建高速,稀释每股收益,2025,0.3455,稀释每股收益（元/股）,7,summary,主要财务指标
600033,福建高速,稀释每股收益,2024,0.2845,稀释每股收益（元/股）,7,summary,主要财务指标
600033,福建高速,稀释每股收益,2023,0.3288,稀释每股收益（元/股）,7,summary,主要财务指标
600033,福建高速,经营活动现金流量净额,2025,2785399912.72,经营活动产生的现金流量净额,7,summary,主要会计数据
600033,福建高速,经营活动现金流量净额,2024,2085568003.67,经营活动产生的现金流量净额,7,summary,主要会计数据
600033,福建高速,经营活动现金流量净额,2023,2100093096.81,经营活动产生的现金流量净额,7,summary,主要会计数据
600033,福建高速,营业收入,2025,3049016105.68,营业收入,7,summary,主要会计数据
600033,福建高速,营业收入,2024,3025880245.4,营业收入,7,summary,主要会计数据
600033,福建高速,营业收入,2023,3049552446.68,营业收入,7,summary,主要会计数据
600035,楚天高速,净利润,2025,784938621.78,净利润,200,statement,
600035,楚天高速,利润总额,2025,753134481.1,利润总额,7,summary,主要会计数据
600035,楚天高速,利润总额,2024,1090758884,利润总额,7,summary,主要会计数据
600035,楚天高速,利润总额,2023,1274540867.92,利润总额,7,summary,主要会计数据
600035,楚天高速,加权平均净资产收益率,2025,6.19,加权平均净资产收益率（%）,7,summary,主要财务指标
600035,楚天高速,加权平均净资产收益率,2024,9.15,加权平均净资产收益率（%）,7,summary,主要财务指标
600035,楚天高速,加权平均净资产收益率,2023,12.02,加权平均净资产收益率（%）,7,summary,主要财务指标
600035,楚天高速,基本每股收益,2025,0.34,基本每股收益（元／股）,7,summary,主要财务指标
600035,楚天高速,基本每股收益,2024,0.48,基本每股收益（元／股）,7,summary,主要财务指标
600035,楚天高速,基本每股收益,2023,0.59,基本每股收益（元／股）,7,summary,主要财务指标
600035,楚天高速,归母净利润,2025,539892402.46,归属于上市公司股东的净利润,7,summary,主要会计数据
600035,楚天高速,归母净利润,2024,767634407.34,归属于上市公司股东的净利润,7,summary,主要会计数据
600035,楚天高速,归母净利润,2023,942253104.29,归属于上市公司股东的净利润,7,summary,主要会计数据
600035,楚天高速,归母净资产,2024,8630904086.07,归属于上市公司股东的净资产,7,summary,主要会计数据
600035,楚天高速,归母净资产,2023,8191286400.17,归属于上市公司股东的净资产,7,summary,主要会计数据
600035,楚天高速,总资产,2025,24043321221.66,总资产,7,summary,主要会计数据
600035,楚天高速,总资产,2024,20614304009.11,总资产,7,summary,主要会计数据
600035,楚天高速,扣非加权平均净资产收益率,2025,6.06,扣除非经常性损益后的加权平均净资产收益率（%）,7,summary,主要财务指标
600035,楚天高速,扣非加权平均净资产收益率,2024,8.63,扣除非经常性损益后的加权平均净资产收益率（%）,7,summary,主要财务指标
600035,楚天高速,扣非加权平均净资产收益率,2023,11.77,扣除非经常性损益后的加权平均净资产收益率（%）,7,summary,主要财务指标
600035,楚天高速,扣非归母净利润,2025,528646952.14,归属于上市公司股东的扣除非经常性损益的净利润,7,summary,主要会计数据
600035,楚天高速,扣非归母净利润,2024,723670979.93,归属于上市公司股东的扣除非经常性损益的净利润,7,summary,主要会计数据
600035,楚天高速,扣非归母净利润,2023,923084561.17,归属于上市公司股东的扣除非经常性损益的净利润,7,summary,主要会计数据
600035,楚天高速,稀释每股收益,2025,0.34,稀释每股收益（元/股）,7,summary,主要财务指标
600035,楚天高速,稀释每股收益,2024,0.48,稀释每股收益（元/股）,7,summary,主要财务指标
600035,楚天高速,稀释每股收益,2023,0.59,稀释每股收益（元/股）,7,summary,主要财务指标
600035,楚天高速,经营活动现金流量净额,2025,1496124975.59,经营活动产生的现金流量净额,7,summary,主要会计数据
600035,楚天高速,经营活动现金流量净额,2023,2041346845.17,经营活动产生的现金流量净额,7,summary,主要会计数据
600035,楚天高速,营业收入,2025,6573510358.8,营业收入,7,summary,主要会计数据
600036,招商银行,净利润,2025,151126,净利润,132,statement,
600036,招商银行,利润总额,2025,-259,利润总额,19,statement,
600036,招商银行,归母净利润,2025,150181,归属于本行股东的净利润,249,statement,
600036,招商银行,归母净资产,2025,1272875,归属于本行股东权益合计,128,statement,
600036,招商银行,总资产,2025,13070523,总资产,15,statement,
600036,招商银行,经营活动现金流量净额,2025,451457,经营活动产生的现金流量净额 59(a),135,statement,
600036,招商银行,营业收入,2025,337532,营业收入,14,statement,
600037,歌华有线,净利润,2025,34313119.27,净利润,173,statement,
600037,歌华有线,利润总额,2025,38573485.94,利润总额,6,summary,主要会计数据
600037,歌华有线,利润总额,2023,-170421345.37,利润总额,6,summary,主要会计数据
600037,歌华有线,加权平均净资产收益率,2025,0.27,加权平均净资产收益率（%）,7,summary,主要财务指标
600037,歌华有线,加权平均净资产收益率,2024,-0.54,加权平均净资产收益率（%）,7,summary,主要财务指标
600037,歌华有线,加权平均净资产收益率,2023,-1.33,加权平均净资产收益率（%）,7,summary,主要财务指标
600037,歌华有线,基本每股收益,2025,0.0247,基本每股收益（元/股）,7,summary,主要财务指标
600037,歌华有线,基本每股收益,2024,-0.05,基本每股收益（元/股）,7,summary,主要财务指标
600037,歌华有线,基本每股收益,2023,-0.1239,基本每股收益（元/股）,7,summary,主要财务指标
600037,歌华有线,归母净利润,2025,34313119.27,归属于上市公司股东的净利润,6,summary,主要会计数据
600037,歌华有线,归母净利润,2024,-69520903.66,归属于上市公司股东的净利润,6,summary,主要会计数据
600037,歌华有线,归母净利润,2023,-172418036.73,归属于上市公司股东的净利润,6,summary,主要会计数据
600037,歌华有线,总资产,2025,15918170580.01,总资产,6,summary,主要会计数据
600037,歌华有线,总资产,2024,16037012558.37,总资产,6,summary,主要会计数据
600037,歌华有线,总资产,2023,15904314331.13,总资产,6,summary,主要会计数据
600037,歌华有线,扣非加权平均净资产收益率,2025,-0.54,扣除非经常性损益后的加权平均净资产收益率（%）,7,summary,主要财务指标
600037,歌华有线,扣非加权平均净资产收益率,2024,-0.78,扣除非经常性损益后的加权平均净资产收益率（%）,7,summary,主要财务指标
600037,歌华有线,扣非加权平均净资产收益率,2023,0.12,扣除非经常性损益后的加权平均净资产收益率（%）,7,summary,主要财务指标
600037,歌华有线,扣非归母净利润,2025,-68226090.79,归属于上市公司股东的扣除非经常性损益的净利润,6,summary,主要会计数据
600037,歌华有线,扣非归母净利润,2024,-99173419.19,归属于上市公司股东的扣除非经常性损益的净利润,6,summary,主要会计数据
600037,歌华有线,扣非归母净利润,2023,16147340.26,归属于上市公司股东的扣除非经常性损益的净利润,6,summary,主要会计数据
600037,歌华有线,稀释每股收益,2025,0.0247,稀释每股收益（元／股）,7,summary,主要财务指标
600037,歌华有线,稀释每股收益,2024,-0.05,稀释每股收益（元／股）,7,summary,主要财务指标
600037,歌华有线,稀释每股收益,2023,-0.1239,稀释每股收益（元／股）,7,summary,主要财务指标
600037,歌华有线,经营活动现金流量净额,2025,174708357.94,经营活动产生的现金流量净额,6,summary,主要会计数据
600037,歌华有线,经营活动现金流量净额,2024,1074444001.17,经营活动产生的现金流量净额,6,summary,主要会计数据
600037,歌华有线,经营活动现金流量净额,2023,747277959.09,经营活动产生的现金流量净额,6,summary,主要会计数据
600037,歌华有线,营业收入,2025,2219754557.95,营业收入,6,summary,主要会计数据
600038,中直股份,净利润,2025,595399429.59,净利润,140,statement,
600038,中直股份,利润总额,2025,615385869.75,利润总额,7,summary,主要会计数据
600038,中直股份,利润总额,2024,481821335.34,利润总额,7,summary,主要会计数据
600038,中直股份,利润总额,2023,513790180.94,利润总额,7,summary,主要会计数据
600038,中直股份,加权平均净资产收益率,2025,3.99,加权平均净资产收益率（%）,7,summary,主要财务指标
600038,中直股份,加权平均净资产收益率,2024,4.14,加权平均净资产收益率（%）,7,summary,主要财务指标
600038,中直股份,加权平均净资产收益率,2023,5.11,加权平均净资产收益率（%）,7,summary,主要财务指标
600038,中直股份,基本每股收益,2025,0.7951,基本每股收益（元／股）,7,summary,主要财务指标
600038,中直股份,基本每股收益,2024,0.7234,基本每股收益（元／股）,7,summary,主要财务指标
600038,中直股份,基本每股收益,2023,0.8257,基本每股收益（元／股）,7,summary,主要财务指标
600038,中直股份,归母净利润,2025,651865073.68,归属于上市公司股东的净利润,7,summary,主要会计数据
600038,中直股份,归母净利润,2024,555872554.15,归属于上市公司股东的净利润,7,summary,主要会计数据
600038,中直股份,归母净利润,2023,604058464.41,归属于上市公司股东的净利润,7,summary,主要会计数据
600038,中直股份,归母净资产,2025,17578760384.36,归属于上市公司股东的净资产,7,summary,主要会计数据
600038,中直股份,归母净资产,2024,16231828465.04,归属于上市公司股东的净资产,7,summary,主要会计数据
600038,中直股份,归母净资产,2023,12867034427.4,归属于上市公司股东的净资产,7,summary,主要会计数据
600038,中直股份,总资产,2025,51538031419.83,总资产,7,summary,主要会计数据
600038,中直股份,总资产,2024,52228457258.73,总资产,7,summary,主要会计数据
600038,中直股份,总资产,2023,45107295332.95,总资产,7,summary,主要会计数据
600038,中直股份,扣非加权平均净资产收益率,2025,3.44,扣除非经常性损益后的加权平均净资产收益率（%）,7,summary,主要财务指标
600038,中直股份,扣非加权平均净资产收益率,2024,3.59,扣除非经常性损益后的加权平均净资产收益率（%）,7,summary,主要财务指标
600038,中直股份,扣非加权平均净资产收益率,2023,4.17,扣除非经常性损益后的加权平均净资产收益率（%）,7,summary,主要财务指标
600038,中直股份,扣非归母净利润,2025,560698138.49,归属于上市公司股东的扣除非经常性损益的净利润,7,summary,主要会计数据
600038,中直股份,扣非归母净利润,2024,481940802.2,归属于上市公司股东的扣除非经常性损益的净利润,7,summary,主要会计数据
600038,中直股份,扣非归母净利润,2023,402704615.31,归属于上市公司股东的扣除非经常性损益的净利润,7,summary,主要会计数据
600038,中直股份,稀释每股收益,2025,0.7951,稀释每股收益（元／股）,7,summary,主要财务指标
600038,中直股份,稀释每股收益,2024,0.7234,稀释每股收益（元／股）,7,summary,主要财务指标
600038,中直股份,稀释每股收益,2023,0.8257,稀释每股收益（元／股）,7,summary,主要财务指标
600038,中直股份,经营活动现金流量净额,2025,-10776483173.76,经营活动产生的现金流量净额,7,summary,主要会计数据
600038,中直股份,经营活动现金流量净额,2024,2567771942.27,经营活动产生的现金流量净额,7,summary,主要会计数据
600038,中直股份,经营活动现金流量净额,2023,-6361415690.46,经营活动产生的现金流量净额,7,summary,主要会计数据
600038,中直股份,营业收入,2025,29086417692.19,营业收入,7,summary,主要会计数据
600038,中直股份,营业收入,2024,29765640318.86,营业收入,7,summary,主要会计数据
600038,中直股份,营业收入,2023,26592446105.19,营业收入,7,summary,主要会计数据
600039,四川路桥,净利润,2025,7459484710.15,净利润,284,statement,
600039,四川路桥,利润总额,2025,9360479595.2,利润总额,8,summary,主要会计数据
600039,四川路桥,利润总额,2024,9155041545.74,利润总额,8,summary,主要会计数据
600039,四川路桥,利润总额,2023,10968142648.3,利润总额,8,summary,主要会计数据
600039,四川路桥,加权平均净资产收益率,2025,14.54,加权平均净资产收益率（%）,8,summary,主要财务指标
600039,四川路桥,加权平均净资产收益率,2024,15.41,加权平均净资产收益率（%）,8,summary,主要财务指标
600039,四川路桥,加权平均净资产收益率,2023,20.72,加权平均净资产收益率（%）,8,summary,主要财务指标
600039,四川路桥,基本每股收益,2025,0.84,基本每股收益（元/股）,8,summary,主要财务指标
600039,四川路桥,基本每股收益,2024,0.83,基本每股收益（元/股）,8,summary,主要财务指标
600039,四川路桥,基本每股收益,2023,1.04,基本每股收益（元/股）,8,summary,主要财务指标
600039,四川路桥,归母净利润,2025,7296866124.06,归属于上市公司股东的净利润,8,summary,主要会计数据
600039,四川路桥,归母净利润,2024,7209866536.24,归属于上市公司股东的净利润,8,summary,主要会计数据
600039,四川路桥,归母净利润,2023,9003845893.62,归属于上市公司股东的净利润,8,summary,主要会计数据
600039,四川路桥,归母净资产,2025,52817057556.8,归属于上市公司股东的净资产,8,summary,主要会计数据
600039,四川路桥,归母净资产,2024,47836601917.91,归属于上市公司股东的净资产,8,summary,主要会计数据
600039,四川路桥,归母净资产,2023,45126567230.73,归属于上市公司股东的净资产,8,summary,主要会计数据
600039,四川路桥,总资产,2025,267673535809.41,总资产,8,summary,主要会计数据
600039,四川路桥,总资产,2024,239773354769.84,总资产,8,summary,主要会计数据
600039,四川路桥,总资产,2023,240914762578.04,总资产,8,summary,主要会计数据
600039,四川路桥,扣非加权平均净资产收益率,2025,14.25,扣除非经常性损益后的加权平均净资产收益率（%）,8,summary,主要财务指标
600039,四川路桥,扣非加权平均净资产收益率,2024,13.55,扣除非经常性损益后的加权平均净资产收益率（%）,8,summary,主要财务指标
600039,四川路桥,扣非加权平均净资产收益率,2023,20.75,扣除非经常性损益后的加权平均净资产收益率（%）,8,summary,主要财务指标
600039,四川路桥,扣非归母净利润,2025,7148353236.57,归属于上市公司股东的扣除非经常性损益的净利润,8,summary,主要会计数据
600039,四川路桥,扣非归母净利润,2024,6340238788.96,归属于上市公司股东的扣除非经常性损益的净利润,8,summary,主要会计数据
600039,四川路桥,扣非归母净利润,2023,9017621209,归属于上市公司股东的扣除非经常性损益的净利润,8,summary,主要会计数据
600039,四川路桥,稀释每股收益,2025,0.84,稀释每股收益（元/股）,8,summary,主要财务指标
600039,四川路桥,稀释每股收益,2024,0.83,稀释每股收益（元/股）,8,summary,主要财务指标
600039,四川路桥,稀释每股收益,2023,1.04,稀释每股收益（元/股）,8,summary,主要财务指标
600039,四川路桥,经营活动现金流量净额,2025,7722656091.81,经营活动产生的现金流量净额,8,summary,主要会计数据
600039,四川路桥,经营活动现金流量净额,2024,3427377179.57,经营活动产生的现金流量净额,8,summary,主要会计数据
600039,四川路桥,经营活动现金流量净额,2023,-2118013150.83,经营活动产生的现金流量净额,8,summary,主要会计数据
600039,四川路桥,营业收入,2025,115111412828.74,营业收入,8,summary,主要会计数据
600039,四川路桥,营业收入,2024,107238179272.82,营业收入,8,summary,主要会计数据
600039,四川路桥,营业收入,2023,115041513934.34,营业收入,8,summary,主要会计数据
600048,保利发展,净利润,2025,5022154432.21,净利润,226,statement,
600048,保利发展,利润总额,2025,973737.49,利润总额,5,summary,主要会计数据
600048,保利发展,利润总额,2024,1558095.64,利润总额,5,summary,主要会计数据
600048,保利发展,利润总额,2023,2462613.09,利润总额,5,summary,主要会计数据
600048,保利发展,加权平均净资产收益率,2025,0.54,加权平均净资产收益率（%）,5,summary,主要财务指标
600048,保利发展,加权平均净资产收益率,2024,2.53,加权平均净资产收益率（%）,5,summary,主要财务指标
600048,保利发展,加权平均净资产收益率,2023,6.13,加权平均净资产收益率（%）,5,summary,主要财务指标
600048,保利发展,基本每股收益,2025,0.09,基本每股收益（元/股）,5,summary,主要财务指标
600048,保利发展,基本每股收益,2024,0.42,基本每股收益（元/股）,5,summary,主要财务指标
600048,保利发展,基本每股收益,2023,1.01,基本每股收益（元/股）,5,summary,主要财务指标
600048,保利发展,归母净利润,2025,103469.81,归属于上市公司股东的净利润,5,summary,主要会计数据
600048,保利发展,归母净利润,2024,500118.33,归属于上市公司股东的净利润,5,summary,主要会计数据
600048,保利发展,归母净利润,2023,1206715.68,归属于上市公司股东的净利润,5,summary,主要会计数据
600048,保利发展,归母净资产,2025,19188876.93,归属于上市公司股东的净资产,5,summary,主要会计数据
600048,保利发展,归母净资产,2024,19759649.41,归属于上市公司股东的净资产,5,summary,主要会计数据
600048,保利发展,归母净资产,2023,19854309.69,归属于上市公司股东的净资产,5,summary,主要会计数据
600048,保利发展,总资产,2025,118829241.94,总资产,5,summary,主要会计数据
600048,保利发展,总资产,2024,133510801.56,总资产,5,summary,主要会计数据
600048,保利发展,总资产,2023,143691179.03,总资产,5,summary,主要会计数据
600048,保利发展,扣非加权平均净资产收益率,2025,0.34,扣除非经常性损益后的加权平均净资产收益率（%）,5,summary,主要财务指标
600048,保利发展,扣非加权平均净资产收益率,2024,2.16,扣除非经常性损益后的加权平均净资产收益率（%）,5,summary,主要财务指标
600048,保利发展,扣非加权平均净资产收益率,2023,5.99,扣除非经常性损益后的加权平均净资产收益率（%）,5,summary,主要财务指标
600048,保利发展,扣非归母净利润,2025,65897.23,归属于上市公司股东的扣除非经常性损益的净利润,5,summary,主要会计数据
600048,保利发展,扣非归母净利润,2024,425665.86,归属于上市公司股东的扣除非经常性损益的净利润,5,summary,主要会计数据
600048,保利发展,扣非归母净利润,2023,1179013.4,归属于上市公司股东的扣除非经常性损益的净利润,5,summary,主要会计数据
600048,保利发展,稀释每股收益,2025,0.09,稀释每股收益（元/股）,5,summary,主要财务指标
600048,保利发展,稀释每股收益,2024,0.42,稀释每股收益（元/股）,5,summary,主要财务指标
600048,保利发展,稀释每股收益,2023,1.01,稀释每股收益（元/股）,5,summary,主要财务指标
600048,保利发展,经营活动现金流量净额,2025,1518914.87,经营活动产生的现金流量净额,5,summary,主要会计数据
600048,保利发展,经营活动现金流量净额,2024,625731.06,经营活动产生的现金流量净额,5,summary,主要会计数据
600048,保利发展,经营活动现金流量净额,2023,1393000.75,经营活动产生的现金流量净额,5,summary,主要会计数据
600048,保利发展,营业收入,2025,30814418.96,营业收入,5,summary,主要会计数据
600048,保利发展,营业收入,2024,31166631.99,营业收入,5,summary,主要会计数据
600048,保利发展,营业收入,2023,34682813.29,营业收入,5,summary,主要会计数据
600050,中国联通,利润总额,2025,25302808365,利润总额,7,summary,主要会计数据
600050,中国联通,利润总额,2024,25091515224,利润总额,7,summary,主要会计数据
600050,中国联通,利润总额,2023,22709522469,利润总额,7,summary,主要会计数据
600050,中国联通,加权平均净资产收益率,2025,5.39,加权平均净资产收益率（%）,7,summary,主要财务指标
600050,中国联通,加权平均净资产收益率,2024,5.49,加权平均净资产收益率（%）,7,summary,主要财务指标
600050,中国联通,加权平均净资产收益率,2023,5.08,加权平均净资产收益率（%）,7,summary,主要财务指标
600050,中国联通,基本每股收益,2025,0.2921,基本每股收益（元／股）,7,summary,主要财务指标
600050,中国联通,基本每股收益,2024,0.2916,基本每股收益（元／股）,7,summary,主要财务指标
600050,中国联通,基本每股收益,2023,0.261,基本每股收益（元／股）,7,summary,主要财务指标
600050,中国联通,归母净利润,2025,9126662570,归属于上市公司股东的净利润,7,summary,主要会计数据
600050,中国联通,归母净利润,2024,9029899018,归属于上市公司股东的净利润,7,summary,主要会计数据
600050,中国联通,归母净利润,2023,8172679256,归属于上市公司股东的净利润,7,summary,主要会计数据
600050,中国联通,归母净资产,2025,168591217309,归属于上市公司股东的净资产,7,summary,主要会计数据
600050,中国联通,归母净资产,2024,164846809431,归属于上市公司股东的净资产,7,summary,主要会计数据
600050,中国联通,归母净资产,2023,159240538414,归属于上市公司股东的净资产,7,summary,主要会计数据
600050,中国联通,总资产,2025,671056308815,总资产,7,summary,主要会计数据
600050,中国联通,总资产,2024,672836701609,总资产,7,summary,主要会计数据
600050,中国联通,总资产,2023,662844796563,总资产,7,summary,主要会计数据
600050,中国联通,扣非加权平均净资产收益率,2025,4.54,扣除非经常性损益后的加权平均净资产收益率（%）,7,summary,主要财务指标
600050,中国联通,扣非加权平均净资产收益率,2024,4.08,扣除非经常性损益后的加权平均净资产收益率（%）,7,summary,主要财务指标
600050,中国联通,扣非加权平均净资产收益率,2023,4.66,扣除非经常性损益后的加权平均净资产收益率（%）,7,summary,主要财务指标
600050,中国联通,扣非归母净利润,2025,7685836118,归属于上市公司股东的扣除非经常性损益的净利润,7,summary,主要会计数据
600050,中国联通,扣非归母净利润,2024,6698958565,归属于上市公司股东的扣除非经常性损益的净利润,7,summary,主要会计数据
600050,中国联通,扣非归母净利润,2023,7492855925,归属于上市公司股东的扣除非经常性损益的净利润,7,summary,主要会计数据
600050,中国联通,稀释每股收益,2025,0.2921,稀释每股收益（元／股）,7,summary,主要财务指标
600050,中国联通,稀释每股收益,2024,0.2916,稀释每股收益（元／股）,7,summary,主要财务指标
600050,中国联通,稀释每股收益,2023,0.261,稀释每股收益（元／股）,7,summary,主要财务指标
600050,中国联通,经营活动现金流量净额,2025,91410552538,经营活动产生的现金流量净额,7,summary,主要会计数据
600050,中国联通,经营活动现金流量净额,2024,91255016708,经营活动产生的现金流量净额,7,summary,主要会计数据
600050,中国联通,经营活动现金流量净额,2023,104341628980,经营活动产生的现金流量净额,7,summary,主要会计数据
600050,中国联通,营业收入,2025,392222880560,营业收入,7,summary,主要会计数据
600050,中国联通,营业收入,2024,389589219642,营业收入,7,summary,主要会计数据
600050,中国联通,营业收入,2023,372596794135,营业收入,7,summary,主要会计数据
600051,宁波联合,净利润,2025,38688567.69,净利润,161,statement,
600051,宁波联合,利润总额,2025,59820012.67,利润总额,6,summary,主要会计数据
600051,宁波联合,利润总额,2024,76064824.11,利润总额,6,summary,主要会计数据
600051,宁波联合,利润总额,2023,108561029.52,利润总额,6,summary,主要会计数据
600051,宁波联合,加权平均净资产收益率,2025,2.49,加权平均净资产收益率（%）,7,summary,主要财务指标
600051,宁波联合,加权平均净资产收益率,2024,2.43,加权平均净资产收益率（%）,7,summary,主要财务指标
600051,宁波联合,加权平均净资产收益率,2023,3.23,加权平均净资产收益率（%）,7,summary,主要财务指标
600051,宁波联合,基本每股收益,2025,0.27,基本每股收益（元/股）,7,summary,主要财务指标
600051,宁波联合,基本每股收益,2024,0.26,基本每股收益（元/股）,7,summary,主要财务指标
600051,宁波联合,基本每股收益,2023,0.34,基本每股收益（元/股）,7,summary,主要财务指标
600051,宁波联合,归母净利润,2025,84387429.2,归属于上市公司股东的净利润,6,summary,主要会计数据
600051,宁波联合,归母净利润,2024,81174878.83,归属于上市公司股东的净利润,6,summary,主要会计数据
600051,宁波联合,归母净利润,2023,106198898.41,归属于上市公司股东的净利润,6,summary,主要会计数据
600051,宁波联合,归母净资产,2025,3413876263.71,归属于上市公司股东的净资产,6,summary,主要会计数据
600051,宁波联合,归母净资产,2024,3366870844.59,归属于上市公司股东的净资产,6,summary,主要会计数据
600051,宁波联合,归母净资产,2023,3323000605.62,归属于上市公司股东的净资产,6,summary,主要会计数据
600051,宁波联合,总资产,2025,4500398357.31,总资产,6,summary,主要会计数据
600051,宁波联合,总资产,2024,5214070295.44,总资产,6,summary,主要会计数据
600051,宁波联合,总资产,2023,5548838280.28,总资产,6,summary,主要会计数据
600051,宁波联合,扣非加权平均净资产收益率,2025,1.16,扣除非经常性损益后的加权平均净资产收益率（%）,7,summary,主要财务指标
600051,宁波联合,扣非加权平均净资产收益率,2024,1.86,扣除非经常性损益后的加权平均净资产收益率（%）,7,summary,主要财务指标
600051,宁波联合,扣非加权平均净资产收益率,2023,3.03,扣除非经常性损益后的加权平均净资产收益率（%）,7,summary,主要财务指标
600051,宁波联合,扣非归母净利润,2025,39374878.72,归属于上市公司股东的扣除非经常性损益的净利润,6,summary,主要会计数据
600051,宁波联合,扣非归母净利润,2024,62297044.38,归属于上市公司股东的扣除非经常性损益的净利润,6,summary,主要会计数据
600051,宁波联合,扣非归母净利润,2023,99436866.64,归属于上市公司股东的扣除非经常性损益的净利润,6,summary,主要会计数据
600051,宁波联合,稀释每股收益,2025,0.27,稀释每股收益（元/股）,7,summary,主要财务指标
600051,宁波联合,稀释每股收益,2024,0.26,稀释每股收益（元/股）,7,summary,主要财务指标
600051,宁波联合,稀释每股收益,2023,0.34,稀释每股收益（元/股）,7,summary,主要财务指标
600051,宁波联合,经营活动现金流量净额,2025,443035201.32,经营活动产生的现金流量净额,6,summary,主要会计数据
600051,宁波联合,经营活动现金流量净额,2024,-41971970.57,经营活动产生的现金流量净额,6,summary,主要会计数据
600051,宁波联合,经营活动现金流量净额,2023,87776483.1,经营活动产生的现金流量净额,6,summary,主要会计数据
600051,宁波联合,营业收入,2025,1267561246.52,营业收入,6,summary,主要会计数据
600051,宁波联合,营业收入,2024,1786858809.72,营业收入,6,summary,主要会计数据
600051,宁波联合,营业收入,2023,1763108886.99,营业收入,6,summary,主要会计数据
600052,东望时代,净利润,2025,-470906522.06,净利润,163,statement,
600052,东望时代,利润总额,2025,-479991193.83,利润总额,8,summary,主要会计数据
600052,东望时代,利润总额,2024,-331381982.88,利润总额,8,summary,主要会计数据
600052,东望时代,利润总额,2023,125371624.68,利润总额,8,summary,主要会计数据
600052,东望时代,加权平均净资产收益率,2025,-19.47,加权平均净资产收益率（%）,8,summary,主要财务指标
600052,东望时代,加权平均净资产收益率,2024,-13.16,加权平均净资产收益率（%）,8,summary,主要财务指标
600052,东望时代,加权平均净资产收益率,2023,3.81,加权平均净资产收益率（%）,8,summary,主要财务指标
600052,东望时代,基本每股收益,2025,-0.55,基本每股收益（元／股）,8,summary,主要财务指标
600052,东望时代,基本每股收益,2024,-0.45,基本每股收益（元／股）,8,summary,主要财务指标
600052,东望时代,基本每股收益,2023,0.14,基本每股收益（元／股）,8,summary,主要财务指标
600052,东望时代,归母净利润,2024,-366920790.29,归属于上市公司股东的净利润,8,summary,主要会计数据
600052,东望时代,归母净利润,2023,113265377.68,归属于上市公司股东的净利润,8,summary,主要会计数据
600052,东望时代,归母净资产,2025,2178730704.66,归属于上市公司股东的净资产,8,summary,主要会计数据
600052,东望时代,归母净资产,2024,2546218824.21,归属于上市公司股东的净资产,8,summary,主要会计数据
600052,东望时代,归母净资产,2023,2956565642.42,归属于上市公司股东的净资产,8,summary,主要会计数据
600052,东望时代,总资产,2023,3470291410.53,总资产,8,summary,主要会计数据
600052,东望时代,扣非加权平均净资产收益率,2025,-13.98,扣除非经常性损益后的加权平均净资产收益率（%）,8,summary,主要财务指标
600052,东望时代,扣非加权平均净资产收益率,2024,-7.31,扣除非经常性损益后的加权平均净资产收益率（%）,8,summary,主要财务指标
600052,东望时代,扣非加权平均净资产收益率,2023,4.06,扣除非经常性损益后的加权平均净资产收益率（%）,8,summary,主要财务指标
600052,东望时代,扣非归母净利润,2025,-331969742.7,归属于上市公司股东的扣除非经常性损益的净利润,8,summary,主要会计数据
600052,东望时代,扣非归母净利润,2024,-203839887.56,归属于上市公司股东的扣除非经常性损益的净利润,8,summary,主要会计数据
600052,东望时代,扣非归母净利润,2023,120711150.46,归属于上市公司股东的扣除非经常性损益的净利润,8,summary,主要会计数据
600052,东望时代,稀释每股收益,2025,-0.55,稀释每股收益（元／股）,8,summary,主要财务指标
600052,东望时代,稀释每股收益,2024,-0.45,稀释每股收益（元／股）,8,summary,主要财务指标
600052,东望时代,稀释每股收益,2023,0.14,稀释每股收益（元／股）,8,summary,主要财务指标
600052,东望时代,经营活动现金流量净额,2025,165319456.61,经营活动产生的现金流量净额,8,summary,主要会计数据
600052,东望时代,经营活动现金流量净额,2024,106375414.56,经营活动产生的现金流量净额,8,summary,主要会计数据
600052,东望时代,经营活动现金流量净额,2023,204819773.93,经营活动产生的现金流量净额,8,summary,主要会计数据
600052,东望时代,营业收入,2025,589142446.87,营业收入,8,summary,主要会计数据
600052,东望时代,营业收入,2024,447463229.68,营业收入,8,summary,主要会计数据
600052,东望时代,营业收入,2023,408205926.4,营业收入,8,summary,主要会计数据
600053,*ST九鼎,净利润,2025,-357726786.02,净利润,176,statement,
600053,*ST九鼎,利润总额,2025,-279899414.96,利润总额,10,summary,主要会计数据
600053,*ST九鼎,加权平均净资产收益率,2025,-14.62,加权平均净资产收益率(%),10,summary,主要财务指标
600053,*ST九鼎,基本每股收益,2025,-0.825,基本每股收益（元／股）,10,summary,主要财务指标
600053,*ST九鼎,归母净利润,2025,-357667021.85,归属于上市公司股东的净利润,10,summary,主要会计数据
600053,*ST九鼎,归母净资产,2025,2262166020.81,归属于上市公司股东的净资产,10,summary,主要会计数据
600053,*ST九鼎,总资产,2025,2721178769.88,总资产,10,summary,主要会计数据
600053,*ST九鼎,扣非归母净利润,2025,-323958307.89,归属于上市公司股东的扣除非经常性损益的净利润,10,summary,主要会计数据
600053,*ST九鼎,稀释每股收益,2025,-0.825,稀释每股收益（元／股）,10,summary,主要财务指标
600053,*ST九鼎,经营活动现金流量净额,2025,-71012787.3,经营活动产生的现金流量净额,10,summary,主要会计数据
600053,*ST九鼎,营业收入,2025,281422516.53,营业收入,10,summary,主要会计数据
600054,黄山旅游,净利润,2025,310789149.99,净利润,148,statement,
600054,黄山旅游,利润总额,2025,490205451.55,利润总额,6,summary,主要会计数据
600054,黄山旅游,利润总额,2024,506450415.69,利润总额,6,summary,主要会计数据
600054,黄山旅游,利润总额,2023,649241287.72,利润总额,6,summary,主要会计数据
600054,黄山旅游,加权平均净资产收益率,2025,6.18,加权平均净资产收益率（%）,7,summary,主要财务指标
600054,黄山旅游,加权平均净资产收益率,2024,6.92,加权平均净资产收益率（%）,7,summary,主要财务指标
600054,黄山旅游,加权平均净资产收益率,2023,9.88,加权平均净资产收益率（%）,7,summary,主要财务指标
600054,黄山旅游,基本每股收益,2025,0.4,基本每股收益（元/股）,7,summary,主要财务指标
600054,黄山旅游,基本每股收益,2024,0.43,基本每股收益（元/股）,7,summary,主要财务指标
600054,黄山旅游,基本每股收益,2023,0.58,基本每股收益（元/股）,7,summary,主要财务指标
600054,黄山旅游,归母净利润,2024,315009002.14,归属于上市公司股东的净利润,6,summary,主要会计数据
600054,黄山旅游,归母净利润,2023,422906942.83,归属于上市公司股东的净利润,6,summary,主要会计数据
600054,黄山旅游,归母净资产,2025,4778366895.82,归属于上市公司股东的净资产,6,summary,主要会计数据
600054,黄山旅游,归母净资产,2024,4657341391.7,归属于上市公司股东的净资产,6,summary,主要会计数据
600054,黄山旅游,归母净资产,2023,4486489092.52,归属于上市公司股东的净资产,6,summary,主要会计数据
600054,黄山旅游,总资产,2025,6110738966.48,总资产,6,summary,主要会计数据
600054,黄山旅游,总资产,2024,5732301996.17,总资产,6,summary,主要会计数据
600054,黄山旅游,总资产,2023,5654288820.01,总资产,6,summary,主要会计数据
600054,黄山旅游,扣非加权平均净资产收益率,2025,5.54,扣除非经常性损益后的加权平均净资产收益率（%）,7,summary,主要财务指标
600054,黄山旅游,扣非加权平均净资产收益率,2024,6.96,扣除非经常性损益后的加权平均净资产收益率（%）,7,summary,主要财务指标
600054,黄山旅游,扣非加权平均净资产收益率,2023,9.14,扣除非经常性损益后的加权平均净资产收益率（%）,7,summary,主要财务指标
600054,黄山旅游,扣非归母净利润,2025,261834633.4,归属于上市公司股东的扣除非经常性损益的净利润,6,summary,主要会计数据
600054,黄山旅游,扣非归母净利润,2024,316905979.37,归属于上市公司股东的扣除非经常性损益的净利润,6,summary,主要会计数据
600054,黄山旅游,扣非归母净利润,2023,391005407.86,归属于上市公司股东的扣除非经常性损益的净利润,6,summary,主要会计数据
600054,黄山旅游,稀释每股收益,2025,0.4,稀释每股收益（元/股）,7,summary,主要财务指标
600054,黄山旅游,稀释每股收益,2024,0.43,稀释每股收益（元/股）,7,summary,主要财务指标
600054,黄山旅游,稀释每股收益,2023,0.58,稀释每股收益（元/股）,7,summary,主要财务指标
600054,黄山旅游,经营活动现金流量净额,2025,666434842.62,经营活动产生的现金流量净额,17,statement,
600054,黄山旅游,经营活动现金流量净额,2024,521663003.98,经营活动产生的现金流量净额,6,summary,主要会计数据
600054,黄山旅游,经营活动现金流量净额,2023,722893531.77,经营活动产生的现金流量净额,6,summary,主要会计数据
600054,黄山旅游,营业收入,2025,1931131905.5,营业收入,6,statement,
600054,黄山旅游,营业收入,2024,1931131905.5,营业收入,6,summary,主要会计数据
600054,黄山旅游,营业收入,2023,1929441918.97,营业收入,6,summary,主要会计数据
600055,万东医疗,净利润,2025,-227793438.06,净利润,166,statement,
600055,万东医疗,利润总额,2025,-300514608.35,利润总额,6,summary,主要会计数据
600055,万东医疗,利润总额,2024,166859632.72,利润总额,6,summary,主要会计数据
600055,万东医疗,利润总额,2023,213331276.92,利润总额,6,summary,主要会计数据
600055,万东医疗,加权平均净资产收益率,2025,-4.94,加权平均净资产收益率（%）,7,summary,主要财务指标
600055,万东医疗,加权平均净资产收益率,2024,3.33,加权平均净资产收益率（%）,7,summary,主要财务指标
600055,万东医疗,加权平均净资产收益率,2023,4.05,加权平均净资产收益率（%）,7,summary,主要财务指标
600055,万东医疗,基本每股收益,2025,-0.324,基本每股收益（元/股）,7,summary,主要财务指标
600055,万东医疗,基本每股收益,2024,0.224,基本每股收益（元/股）,7,summary,主要财务指标
600055,万东医疗,基本每股收益,2023,0.269,基本每股收益（元/股）,7,summary,主要财务指标
600055,万东医疗,归母净利润,2025,-227860105.15,归属于上市公司股东的净利润,6,summary,主要会计数据
600055,万东医疗,归母净利润,2024,157350997.13,归属于上市公司股东的净利润,6,summary,主要会计数据
600055,万东医疗,归母净利润,2023,188537925.62,归属于上市公司股东的净利润,6,summary,主要会计数据
600055,万东医疗,归母净资产,2024,4767546579.04,归属于上市公司股东的净资产,6,summary,主要会计数据
600055,万东医疗,归母净资产,2023,4711473658.91,归属于上市公司股东的净资产,6,summary,主要会计数据
600055,万东医疗,总资产,2025,5759124384,资产总计,75,statement,
600055,万东医疗,总资产,2024,5470493043.29,总资产,6,summary,主要会计数据
600055,万东医疗,扣非加权平均净资产收益率,2025,-5.32,扣除非经常性损益后的加权平均净资产收益率（%）,7,summary,主要财务指标
600055,万东医疗,扣非加权平均净资产收益率,2024,3.01,扣除非经常性损益后的加权平均净资产收益率（%）,7,summary,主要财务指标
600055,万东医疗,扣非加权平均净资产收益率,2023,2.92,扣除非经常性损益后的加权平均净资产收益率（%）,7,summary,主要财务指标
600055,万东医疗,扣非归母净利润,2025,-245185499.48,归属于上市公司股东的扣除非经常性损益的净利润,6,summary,主要会计数据
600055,万东医疗,扣非归母净利润,2024,142416193.02,归属于上市公司股东的扣除非经常性损益的净利润,6,summary,主要会计数据
600055,万东医疗,扣非归母净利润,2023,135837275.01,归属于上市公司股东的扣除非经常性损益的净利润,6,summary,主要会计数据
600055,万东医疗,稀释每股收益,2025,-0.324,稀释每股收益（元/股）,7,summary,主要财务指标
600055,万东医疗,稀释每股收益,2024,0.224,稀释每股收益（元/股）,7,summary,主要财务指标
600055,万东医疗,稀释每股收益,2023,0.269,稀释每股收益（元/股）,7,summary,主要财务指标
600055,万东医疗,经营活动现金流量净额,2025,-251953240.28,经营活动产生的现金流量净额,6,summary,主要会计数据
600055,万东医疗,经营活动现金流量净额,2024,218253215.55,经营活动产生的现金流量净额,6,summary,主要会计数据
600055,万东医疗,经营活动现金流量净额,2023,208218005.65,经营活动产生的现金流量净额,6,summary,主要会计数据
600055,万东医疗,营业收入,2025,1346993071.19,营业收入,6,summary,主要会计数据
600056,中国医药,净利润,2025,674635843.84,净利润,192,statement,
600056,中国医药,利润总额,2025,999294796.62,利润总额,6,summary,主要会计数据
600056,中国医药,利润总额,2023,1640555520.8,利润总额,6,summary,主要会计数据
600056,中国医药,加权平均净资产收益率,2025,3.92,加权平均净资产收益率（%）,6,summary,主要财务指标
600056,中国医药,加权平均净资产收益率,2023,9.35,加权平均净资产收益率（%）,6,summary,主要财务指标
600056,中国医药,基本每股收益,2025,0.3164,基本每股收益（元／股）,6,summary,主要财务指标
600056,中国医药,基本每股收益,2023,0.7006,基本每股收益（元／股）,6,summary,主要财务指标
600056,中国医药,归母净利润,2025,473229055.14,归属于上市公司股东的净利润,6,summary,主要会计数据
600056,中国医药,归母净利润,2023,1048039144.39,归属于上市公司股东的净利润,6,summary,主要会计数据
600056,中国医药,归母净资产,2025,11835948719.71,归属于上市公司股东的净资产,6,summary,主要会计数据
600056,中国医药,归母净资产,2023,11560548147.45,归属于上市公司股东的净资产,6,summary,主要会计数据
600056,中国医药,总资产,2025,36870969807.77,总资产,6,summary,主要会计数据
600056,中国医药,总资产,2023,37409912222.28,总资产,6,summary,主要会计数据
600056,中国医药,扣非加权平均净资产收益率,2025,3.14,扣除非经常性损益后的加权平均净资产收益率（%）,6,summary,主要财务指标
600056,中国医药,扣非加权平均净资产收益率,2023,5.47,扣除非经常性损益后的加权平均净资产收益率（%）,6,summary,主要财务指标
600056,中国医药,扣非归母净利润,2025,376478717.77,归属于上市公司股东的扣除非经常性损益的净利润,6,summary,主要会计数据
600056,中国医药,扣非归母净利润,2023,613731903.98,归属于上市公司股东的扣除非经常性损益的净利润,6,summary,主要会计数据
600056,中国医药,稀释每股收益,2025,0.3164,稀释每股收益（元／股）,6,summary,主要财务指标
600056,中国医药,稀释每股收益,2023,0.7006,稀释每股收益（元／股）,6,summary,主要财务指标
600056,中国医药,经营活动现金流量净额,2025,1425879279.02,经营活动产生的现金流量净额,6,summary,主要会计数据
600056,中国医药,经营活动现金流量净额,2023,859075452.42,经营活动产生的现金流量净额,6,summary,主要会计数据
600056,中国医药,营业收入,2025,35361621734.95,营业收入,6,summary,主要会计数据
600056,中国医药,营业收入,2023,38824430504.85,营业收入,6,summary,主要会计数据
600057,厦门象屿,净利润,2025,1967499325.86,净利润,234,statement,
600057,厦门象屿,利润总额,2025,227043.1,利润总额,6,summary,主要会计数据
600057,厦门象屿,利润总额,2024,227827.15,利润总额,6,summary,主要会计数据
600057,厦门象屿,利润总额,2023,245011.31,利润总额,6,summary,主要会计数据
600057,厦门象屿,加权平均净资产收益率,2025,5.01,加权平均净资产收益率（%）,6,summary,主要财务指标
600057,厦门象屿,加权平均净资产收益率,2024,7.15,加权平均净资产收益率（%）,6,summary,主要财务指标
600057,厦门象屿,加权平均净资产收益率,2023,9.29,加权平均净资产收益率（%）,6,summary,主要财务指标
600057,厦门象屿,基本每股收益,2025,0.3,基本每股收益（元/股）,6,summary,主要财务指标
600057,厦门象屿,基本每股收益,2024,0.48,基本每股收益（元/股）,6,summary,主要财务指标
600057,厦门象屿,基本每股收益,2023,0.63,基本每股收益（元/股）,6,summary,主要财务指标
600057,厦门象屿,归母净利润,2025,129299.41,归属于上市公司股东的净利润,6,summary,主要会计数据
600057,厦门象屿,归母净利润,2024,141882.19,归属于上市公司股东的净利润,6,summary,主要会计数据
600057,厦门象屿,归母净利润,2023,157393.91,归属于上市公司股东的净利润,6,summary,主要会计数据
600057,厦门象屿,归母净资产,2025,3165338.38,归属于上市公司股东的净资产,6,summary,主要会计数据
600057,厦门象屿,归母净资产,2024,2382181.13,归属于上市公司股东的净资产,6,summary,主要会计数据
600057,厦门象屿,归母净资产,2023,2084130.97,归属于上市公司股东的净资产,6,summary,主要会计数据
600057,厦门象屿,总资产,2025,12869705.04,总资产,6,summary,主要会计数据
600057,厦门象屿,总资产,2024,12387266.45,总资产,6,summary,主要会计数据
600057,厦门象屿,总资产,2023,12970518.67,总资产,6,summary,主要会计数据
600057,厦门象屿,扣非加权平均净资产收益率,2025,8.14,扣除非经常性损益后的加权平均净资产收益率（%）,6,summary,主要财务指标
600057,厦门象屿,扣非加权平均净资产收益率,2024,0.05,扣除非经常性损益后的加权平均净资产收益率（%）,6,summary,主要财务指标
600057,厦门象屿,扣非加权平均净资产收益率,2023,2.08,扣除非经常性损益后的加权平均净资产收益率（%）,6,summary,主要财务指标
600057,厦门象屿,扣非归母净利润,2025,178508.65,归属于上市公司股东的扣除非经常性损益的净利润,6,summary,主要会计数据
600057,厦门象屿,扣非归母净利润,2024,40650.24,归属于上市公司股东的扣除非经常性损益的净利润,6,summary,主要会计数据
600057,厦门象屿,扣非归母净利润,2023,50729.73,归属于上市公司股东的扣除非经常性损益的净利润,6,summary,主要会计数据
600057,厦门象屿,稀释每股收益,2025,0.3,稀释每股收益（元/股）,6,summary,主要财务指标
600057,厦门象屿,稀释每股收益,2024,0.48,稀释每股收益（元/股）,6,summary,主要财务指标
600057,厦门象屿,稀释每股收益,2023,0.63,稀释每股收益（元/股）,6,summary,主要财务指标
600057,厦门象屿,经营活动现金流量净额,2025,1009734.37,经营活动产生的现金流量净额,6,summary,主要会计数据
600057,厦门象屿,经营活动现金流量净额,2024,560444.37,经营活动产生的现金流量净额,6,summary,主要会计数据
600057,厦门象屿,经营活动现金流量净额,2023,558654.86,经营活动产生的现金流量净额,6,summary,主要会计数据
600057,厦门象屿,营业收入,2025,41029122.28,营业收入,6,summary,主要会计数据
600057,厦门象屿,营业收入,2024,36667061.15,营业收入,6,summary,主要会计数据
600057,厦门象屿,营业收入,2023,45903545.38,营业收入,6,summary,主要会计数据
600058,五矿发展,净利润,2025,19163987.61,净利润,215,statement,
600058,五矿发展,利润总额,2025,176114042.66,利润总额,6,summary,主要会计数据
600058,五矿发展,利润总额,2024,319498551.19,利润总额,6,summary,主要会计数据
600058,五矿发展,利润总额,2023,430408261.17,利润总额,6,summary,主要会计数据
600058,五矿发展,加权平均净资产收益率,2025,-0.99,加权平均净资产收益率（%）,6,summary,主要财务指标
600058,五矿发展,加权平均净资产收益率,2024,0.23,加权平均净资产收益率（%）,6,summary,主要财务指标
600058,五矿发展,加权平均净资产收益率,2023,2.34,加权平均净资产收益率（%）,6,summary,主要财务指标
600058,五矿发展,基本每股收益,2025,-0.05,基本每股收益（元／股）,6,summary,主要财务指标
600058,五矿发展,基本每股收益,2024,0.01,基本每股收益（元／股）,6,summary,主要财务指标
600058,五矿发展,基本每股收益,2023,0.11,基本每股收益（元／股）,6,summary,主要财务指标
600058,五矿发展,归母净利润,2025,19103827.28,归属于上市公司股东的净利润,6,summary,主要会计数据
600058,五矿发展,归母净利润,2024,125653574.58,归属于上市公司股东的净利润,6,summary,主要会计数据
600058,五矿发展,归母净利润,2023,199232685.26,归属于上市公司股东的净利润,6,summary,主要会计数据
600058,五矿发展,归母净资产,2025,7416101715.52,归属于上市公司股东的净资产,6,summary,主要会计数据
600058,五矿发展,归母净资产,2024,7512149996.68,归属于上市公司股东的净资产,6,summary,主要会计数据
600058,五矿发展,归母净资产,2023,7520776337.93,归属于上市公司股东的净资产,6,summary,主要会计数据
600058,五矿发展,总资产,2025,22717652390.11,总资产,6,summary,主要会计数据
600058,五矿发展,总资产,2024,23908780421.74,总资产,6,summary,主要会计数据
600058,五矿发展,总资产,2023,22736202348.63,总资产,6,summary,主要会计数据
600058,五矿发展,扣非加权平均净资产收益率,2025,-4.36,扣除非经常性损益后的加权平均净资产收益率（%）,6,summary,主要财务指标
600058,五矿发展,扣非加权平均净资产收益率,2024,-8.13,扣除非经常性损益后的加权平均净资产收益率（%）,6,summary,主要财务指标
600058,五矿发展,扣非加权平均净资产收益率,2023,-0.67,扣除非经常性损益后的加权平均净资产收益率（%）,6,summary,主要财务指标
600058,五矿发展,扣非归母净利润,2025,-146431985.15,归属于上市公司股东的扣除非经常性损益的净利润,6,summary,主要会计数据
600058,五矿发展,扣非归母净利润,2024,-286636594.94,归属于上市公司股东的扣除非经常性损益的净利润,6,summary,主要会计数据
600058,五矿发展,扣非归母净利润,2023,48727104.83,归属于上市公司股东的扣除非经常性损益的净利润,6,summary,主要会计数据
600058,五矿发展,稀释每股收益,2025,-0.05,稀释每股收益（元／股）,6,summary,主要财务指标
600058,五矿发展,稀释每股收益,2024,0.01,稀释每股收益（元／股）,6,summary,主要财务指标
600058,五矿发展,稀释每股收益,2023,0.11,稀释每股收益（元／股）,6,summary,主要财务指标
600058,五矿发展,经营活动现金流量净额,2025,1223385423.41,经营活动产生的现金流量净额,6,summary,主要会计数据
600058,五矿发展,经营活动现金流量净额,2024,1812010527.53,经营活动产生的现金流量净额,6,summary,主要会计数据
600058,五矿发展,经营活动现金流量净额,2023,304097690.56,经营活动产生的现金流量净额,6,summary,主要会计数据
600058,五矿发展,营业收入,2025,52822973783.84,营业收入,6,summary,主要会计数据
600058,五矿发展,营业收入,2024,67235833078.2,营业收入,6,summary,主要会计数据
600058,五矿发展,营业收入,2023,78995706753.87,营业收入,6,summary,主要会计数据
600059,古越龙山,净利润,2025,222008336.6,净利润,139,statement,
600059,古越龙山,利润总额,2025,299628465.22,利润总额,5,summary,主要会计数据
600059,古越龙山,利润总额,2024,279266963.56,利润总额,5,summary,主要会计数据
600059,古越龙山,利润总额,2023,538277784.94,利润总额,5,summary,主要会计数据
600059,古越龙山,加权平均净资产收益率,2025,3.77,加权平均净资产收益率（%）,5,summary,主要财务指标
600059,古越龙山,加权平均净资产收益率,2024,3.52,加权平均净资产收益率（%）,5,summary,主要财务指标
600059,古越龙山,加权平均净资产收益率,2023,7.02,加权平均净资产收益率（%）,5,summary,主要财务指标
600059,古越龙山,基本每股收益,2025,0.25,基本每股收益（元/股）,5,summary,主要财务指标
600059,古越龙山,基本每股收益,2024,0.23,基本每股收益（元/股）,5,summary,主要财务指标
600059,古越龙山,基本每股收益,2023,0.44,基本每股收益（元/股）,5,summary,主要财务指标
600059,古越龙山,归母净利润,2025,222300238.5,归属于上市公司股东的净利润,5,summary,主要会计数据
600059,古越龙山,归母净利润,2024,205567197.66,归属于上市公司股东的净利润,5,summary,主要会计数据
600059,古越龙山,归母净利润,2023,396625528.72,归属于上市公司股东的净利润,5,summary,主要会计数据
600059,古越龙山,归母净资产,2025,5857754713.21,归属于上市公司股东的净资产,5,summary,主要会计数据
600059,古越龙山,归母净资产,2024,5895264767.32,归属于上市公司股东的净资产,5,summary,主要会计数据
600059,古越龙山,归母净资产,2023,5817050140.43,归属于上市公司股东的净资产,5,summary,主要会计数据
600059,古越龙山,总资产,2025,6891144356.65,总资产,5,summary,主要会计数据
600059,古越龙山,总资产,2024,6920680319.69,总资产,5,summary,主要会计数据
600059,古越龙山,总资产,2023,6844231539.59,总资产,5,summary,主要会计数据
600059,古越龙山,扣非加权平均净资产收益率,2025,2.83,扣除非经常性损益后的加权平均净资产收益率（%）,5,summary,主要财务指标
600059,古越龙山,扣非加权平均净资产收益率,2024,3.39,扣除非经常性损益后的加权平均净资产收益率（%）,5,summary,主要财务指标
600059,古越龙山,扣非加权平均净资产收益率,2023,3.39,扣除非经常性损益后的加权平均净资产收益率（%）,5,summary,主要财务指标
600059,古越龙山,扣非归母净利润,2025,167046608.99,归属于上市公司股东的扣除非经常性损益的净利润,5,summary,主要会计数据
600059,古越龙山,扣非归母净利润,2024,198219430.95,归属于上市公司股东的扣除非经常性损益的净利润,5,summary,主要会计数据
600059,古越龙山,扣非归母净利润,2023,191480890.03,归属于上市公司股东的扣除非经常性损益的净利润,5,summary,主要会计数据
600059,古越龙山,稀释每股收益,2025,0.25,稀释每股收益（元／股）,5,summary,主要财务指标
600059,古越龙山,稀释每股收益,2024,0.23,稀释每股收益（元／股）,5,summary,主要财务指标
600059,古越龙山,稀释每股收益,2023,0.44,稀释每股收益（元／股）,5,summary,主要财务指标
600059,古越龙山,经营活动现金流量净额,2025,337308759.67,经营活动产生的现金流量净额,5,summary,主要会计数据
600059,古越龙山,经营活动现金流量净额,2024,387207712.24,经营活动产生的现金流量净额,5,summary,主要会计数据
600059,古越龙山,经营活动现金流量净额,2023,393399906.11,经营活动产生的现金流量净额,5,summary,主要会计数据
600059,古越龙山,营业收入,2025,1830840685.49,营业收入,5,summary,主要会计数据
600059,古越龙山,营业收入,2024,1936276884.12,营业收入,5,summary,主要会计数据
600059,古越龙山,营业收入,2023,1783701654.24,营业收入,5,summary,主要会计数据
600060,海信视像,净利润,2025,2806978247.31,净利润,187,statement,
600060,海信视像,利润总额,2025,3227317499.91,利润总额,8,summary,主要会计数据
600060,海信视像,加权平均净资产收益率,2025,12.11,加权平均净资产收益率（%）,9,summary,主要财务指标
600060,海信视像,基本每股收益,2025,1.888,基本每股收益（元/股）,9,summary,主要财务指标
600060,海信视像,归母净利润,2025,2454011405.43,归属于上市公司股东的净利润,8,summary,主要会计数据
600060,海信视像,归母净资产,2025,21260164263.26,归属于上市公司股东的净资产,8,summary,主要会计数据
600060,海信视像,总资产,2025,44581470338.79,总资产,8,summary,主要会计数据
600060,海信视像,扣非加权平均净资产收益率,2025,9.26,扣除非经常性损益后的加权平均净资产收益率（%）,9,summary,主要财务指标
600060,海信视像,扣非归母净利润,2025,1877000161.78,归属于上市公司股东的扣除非经常性损益的净利润,8,summary,主要会计数据
600060,海信视像,稀释每股收益,2025,1.888,稀释每股收益（元／股）,9,summary,主要财务指标
600060,海信视像,经营活动现金流量净额,2025,4583216212.72,经营活动产生的现金流量净额,8,summary,主要会计数据
600060,海信视像,营业收入,2025,57679224941.74,营业收入,8,summary,主要会计数据
600061,国投资本,净利润,2025,3627507451.48,净利润,215,statement,
600061,国投资本,利润总额,2025,4659177571.61,利润总额,12,summary,主要会计数据
600061,国投资本,加权平均净资产收益率,2025,6.08,加权平均净资产收益率(%),12,summary,主要财务指标
600061,国投资本,基本每股收益,2025,0.5,基本每股收益（元／股）,12,summary,主要财务指标
600061,国投资本,归母净利润,2025,3279299080.12,归属于上市公司股东的净利润,12,summary,主要会计数据
600061,国投资本,归母净资产,2025,56736027343.45,归属于上市公司股东的净资产,12,summary,主要会计数据
600061,国投资本,总资产,2025,329427010246.29,总资产,12,summary,主要会计数据
600061,国投资本,扣非加权平均净资产收益率,2025,6.01,扣除非经常性损益后的加权平均净资产收益率（%）,12,summary,主要财务指标
600061,国投资本,扣非归母净利润,2025,3243348375.54,归属于上市公司股东的扣除非经常性损益的净利润,12,summary,主要会计数据
600061,国投资本,稀释每股收益,2025,0.49,稀释每股收益（元／股）,12,summary,主要财务指标
600061,国投资本,经营活动现金流量净额,2025,14885318419.6,经营活动产生的现金流量净额,12,summary,主要会计数据
600061,国投资本,营业收入,2025,52745474.84,营业收入,12,summary,主要会计数据
600062,华润双鹤,净利润,2025,1683217130.74,净利润,176,statement,
600062,华润双鹤,利润总额,2025,1910741542.4,利润总额,8,summary,主要会计数据
600062,华润双鹤,利润总额,2024,1866682874.91,利润总额,8,summary,主要会计数据
600062,华润双鹤,利润总额,2023,1936805912.42,利润总额,8,summary,主要会计数据
600062,华润双鹤,加权平均净资产收益率,2025,14.86,加权平均净资产收益率(%),8,summary,主要财务指标
600062,华润双鹤,加权平均净资产收益率,2024,15.07,加权平均净资产收益率(%),8,summary,主要财务指标
600062,华润双鹤,加权平均净资产收益率,2023,13.27,加权平均净资产收益率(%),8,summary,主要财务指标
600062,华润双鹤,基本每股收益,2025,1.5949,基本每股收益(元/股),8,summary,主要财务指标
600062,华润双鹤,基本每股收益,2024,1.5838,基本每股收益(元/股),8,summary,主要财务指标
600062,华润双鹤,基本每股收益,2023,1.6306,基本每股收益(元/股),8,summary,主要财务指标
600062,华润双鹤,归母净利润,2025,1646949551.48,归属于上市公司股东的净利润,8,summary,主要会计数据
600062,华润双鹤,归母净利润,2024,1627718404.74,归属于上市公司股东的净利润,8,summary,主要会计数据
600062,华润双鹤,归母净利润,2023,1670383409.39,归属于上市公司股东的净利润,8,summary,主要会计数据
600062,华润双鹤,归母净资产,2025,11634009883.13,归属于上市公司股东的净资产,8,summary,主要会计数据
600062,华润双鹤,归母净资产,2024,10407864932,归属于上市公司股东的净资产,8,summary,主要会计数据
600062,华润双鹤,归母净资产,2023,12213332138.91,归属于上市公司股东的净资产,8,summary,主要会计数据
600062,华润双鹤,总资产,2025,17009183062.74,总资产,8,summary,主要会计数据
600062,华润双鹤,总资产,2024,16685995679.77,总资产,8,summary,主要会计数据
600062,华润双鹤,总资产,2023,18202533078.6,总资产,8,summary,主要会计数据
600062,华润双鹤,扣非加权平均净资产收益率,2025,14.15,扣除非经常性损益后的加权平均净资产收益率(%),8,summary,主要财务指标
600062,华润双鹤,扣非加权平均净资产收益率,2024,13.74,扣除非经常性损益后的加权平均净资产收益率(%),8,summary,主要财务指标
600062,华润双鹤,扣非加权平均净资产收益率,2023,11.7,扣除非经常性损益后的加权平均净资产收益率(%),8,summary,主要财务指标
600062,华润双鹤,扣非归母净利润,2025,1568159301.16,归属于上市公司股东的扣除非经常性损益的净利润,8,summary,主要会计数据
600062,华润双鹤,扣非归母净利润,2024,1432147436.57,归属于上市公司股东的扣除非经常性损益的净利润,8,summary,主要会计数据
600062,华润双鹤,扣非归母净利润,2023,1233101092.6,归属于上市公司股东的扣除非经常性损益的净利润,8,summary,主要会计数据
600062,华润双鹤,稀释每股收益,2025,1.5928,稀释每股收益(元/股),8,summary,主要财务指标
600062,华润双鹤,稀释每股收益,2024,1.5838,稀释每股收益(元/股),8,summary,主要财务指标
600062,华润双鹤,稀释每股收益,2023,1.6306,稀释每股收益(元/股),8,summary,主要财务指标
600062,华润双鹤,经营活动现金流量净额,2025,1489514452.2,经营活动产生的现金流量净额,8,summary,主要会计数据
600062,华润双鹤,经营活动现金流量净额,2024,1825115191.24,经营活动产生的现金流量净额,8,summary,主要会计数据
600062,华润双鹤,经营活动现金流量净额,2023,1859057344.72,经营活动产生的现金流量净额,8,summary,主要会计数据
600062,华润双鹤,营业收入,2025,11000795324.94,营业收入,8,summary,主要会计数据
600062,华润双鹤,营业收入,2024,11211623666.19,营业收入,8,summary,主要会计数据
600062,华润双鹤,营业收入,2023,11310143640.49,营业收入,8,summary,主要会计数据
600063,皖维高新,净利润,2025,434405503.67,净利润,176,statement,
600063,皖维高新,利润总额,2025,491216334.58,利润总额,7,summary,主要会计数据
600063,皖维高新,利润总额,2024,422119036.58,利润总额,7,summary,主要会计数据
600063,皖维高新,利润总额,2023,374562856.66,利润总额,7,summary,主要会计数据
600063,皖维高新,加权平均净资产收益率,2025,5.12,加权平均净资产收益率（%）,7,summary,主要财务指标
600063,皖维高新,加权平均净资产收益率,2024,4.5,加权平均净资产收益率（%）,7,summary,主要财务指标
600063,皖维高新,加权平均净资产收益率,2023,4.42,加权平均净资产收益率（%）,7,summary,主要财务指标
600063,皖维高新,基本每股收益,2025,0.21,基本每股收益（元／股）,7,summary,主要财务指标
600063,皖维高新,基本每股收益,2024,0.17,基本每股收益（元／股）,7,summary,主要财务指标
600063,皖维高新,基本每股收益,2023,0.16,基本每股收益（元／股）,7,summary,主要财务指标
600063,皖维高新,归母净利润,2025,433994145.52,归属于上市公司股东的净利润,7,summary,主要会计数据
600063,皖维高新,归母净利润,2024,369717359.53,归属于上市公司股东的净利润,7,summary,主要会计数据
600063,皖维高新,归母净利润,2023,341697914.47,归属于上市公司股东的净利润,7,summary,主要会计数据
600063,皖维高新,归母净资产,2025,8385970795.59,归属于上市公司股东的净资产,7,summary,主要会计数据
600063,皖维高新,归母净资产,2024,8386655113.93,归属于上市公司股东的净资产,7,summary,主要会计数据
600063,皖维高新,归母净资产,2023,8044202440.48,归属于上市公司股东的净资产,7,summary,主要会计数据
600063,皖维高新,总资产,2025,15697895177.31,总资产,7,summary,主要会计数据
600063,皖维高新,总资产,2024,15405454753.5,总资产,7,summary,主要会计数据
600063,皖维高新,总资产,2023,14092283021.02,总资产,7,summary,主要会计数据
600063,皖维高新,扣非加权平均净资产收益率,2025,4.42,扣除非经常性损益后的加权平均净资产收益率(%),7,summary,主要财务指标
600063,皖维高新,扣非加权平均净资产收益率,2024,3.93,扣除非经常性损益后的加权平均净资产收益率(%),7,summary,主要财务指标
600063,皖维高新,扣非加权平均净资产收益率,2023,3.28,扣除非经常性损益后的加权平均净资产收益率(%),7,summary,主要财务指标
600063,皖维高新,扣非归母净利润,2025,374375999.22,归属于上市公司股东的扣除非经常性损益的净利润,7,summary,主要会计数据
600063,皖维高新,扣非归母净利润,2024,323046265.1,归属于上市公司股东的扣除非经常性损益的净利润,7,summary,主要会计数据
600063,皖维高新,扣非归母净利润,2023,253820005.13,归属于上市公司股东的扣除非经常性损益的净利润,7,summary,主要会计数据
600063,皖维高新,稀释每股收益,2025,0.21,稀释每股收益（元/股）,7,summary,主要财务指标
600063,皖维高新,稀释每股收益,2024,0.17,稀释每股收益（元/股）,7,summary,主要财务指标
600063,皖维高新,稀释每股收益,2023,0.16,稀释每股收益（元/股）,7,summary,主要财务指标
600063,皖维高新,经营活动现金流量净额,2025,334888738.08,经营活动产生的现金流量净额,7,summary,主要会计数据
600063,皖维高新,经营活动现金流量净额,2024,372451917.65,经营活动产生的现金流量净额,7,summary,主要会计数据
600063,皖维高新,经营活动现金流量净额,2023,155208439.01,经营活动产生的现金流量净额,7,summary,主要会计数据
600063,皖维高新,营业收入,2025,8012280751.36,营业收入,7,summary,主要会计数据
600063,皖维高新,营业收入,2024,8029976040.45,营业收入,7,summary,主要会计数据
600063,皖维高新,营业收入,2023,8262607041.82,营业收入,7,summary,主要会计数据
600064,南京高科,净利润,2025,1727783173.69,净利润,170,statement,
600064,南京高科,利润总额,2025,1708413785.52,利润总额,7,summary,主要会计数据
600064,南京高科,利润总额,2024,1507922955.39,利润总额,7,summary,主要会计数据
600064,南京高科,利润总额,2023,1369962325.06,利润总额,7,summary,主要会计数据
600064,南京高科,加权平均净资产收益率,2025,9.67,加权平均净资产收益率（%）,7,summary,主要财务指标
600064,南京高科,加权平均净资产收益率,2024,9.47,加权平均净资产收益率（%）,7,summary,主要财务指标
600064,南京高科,加权平均净资产收益率,2023,9.18,加权平均净资产收益率（%）,7,summary,主要财务指标
600064,南京高科,基本每股收益,2025,1.058,基本每股收益（元／股）,7,summary,主要财务指标
600064,南京高科,基本每股收益,2024,0.997,基本每股收益（元／股）,7,summary,主要财务指标
600064,南京高科,基本每股收益,2023,0.902,基本每股收益（元／股）,7,summary,主要财务指标
600064,南京高科,归母净利润,2025,1830225541.66,归属于上市公司股东的净利润,7,summary,主要会计数据
600064,南京高科,归母净利润,2024,1725229897.01,归属于上市公司股东的净利润,7,summary,主要会计数据
600064,南京高科,归母净利润,2023,1560145875.01,归属于上市公司股东的净利润,7,summary,主要会计数据
600064,南京高科,归母净资产,2025,19099370221.4,归属于上市公司股东的净资产,7,summary,主要会计数据
600064,南京高科,归母净资产,2024,18807328135.55,归属于上市公司股东的净资产,7,summary,主要会计数据
600064,南京高科,归母净资产,2023,17538216515.46,归属于上市公司股东的净资产,7,summary,主要会计数据
600064,南京高科,总资产,2025,38504127546.27,总资产,7,summary,主要会计数据
600064,南京高科,总资产,2024,38395047667.66,总资产,7,summary,主要会计数据
600064,南京高科,总资产,2023,37283181671.1,总资产,7,summary,主要会计数据
600064,南京高科,扣非加权平均净资产收益率,2025,7.28,扣除非经常性损益后的加权平均净资产收益率（%）,7,summary,主要财务指标
600064,南京高科,扣非加权平均净资产收益率,2024,8.89,扣除非经常性损益后的加权平均净资产收益率（%）,7,summary,主要财务指标
600064,南京高科,扣非加权平均净资产收益率,2023,9.69,扣除非经常性损益后的加权平均净资产收益率（%）,7,summary,主要财务指标
600064,南京高科,扣非归母净利润,2025,1378617527.39,归属于上市公司股东的扣除非经常性损益的净利润,7,summary,主要会计数据
600064,南京高科,扣非归母净利润,2024,1620700788.21,归属于上市公司股东的扣除非经常性损益的净利润,7,summary,主要会计数据
600064,南京高科,扣非归母净利润,2023,1645998795.69,归属于上市公司股东的扣除非经常性损益的净利润,7,summary,主要会计数据
600064,南京高科,稀释每股收益,2025,1.058,稀释每股收益（元/股）,7,summary,主要财务指标
600064,南京高科,稀释每股收益,2024,0.997,稀释每股收益（元/股）,7,summary,主要财务指标
600064,南京高科,稀释每股收益,2023,0.902,稀释每股收益（元/股）,7,summary,主要财务指标
600064,南京高科,经营活动现金流量净额,2025,980519893.59,经营活动产生的现金流量净额,7,summary,主要会计数据
600064,南京高科,经营活动现金流量净额,2024,-500820614.84,经营活动产生的现金流量净额,7,summary,主要会计数据
600064,南京高科,经营活动现金流量净额,2023,-2177480214.41,经营活动产生的现金流量净额,7,summary,主要会计数据
600064,南京高科,营业收入,2025,3412703872.49,营业收入,7,summary,主要会计数据
600064,南京高科,营业收入,2024,1975445403.11,营业收入,7,summary,主要会计数据
600064,南京高科,营业收入,2023,4726511629.41,营业收入,7,summary,主要会计数据
600066,宇通客车,利润总额,2025,651869.46,利润总额,5,summary,主要会计数据
600066,宇通客车,利润总额,2024,472220.52,利润总额,5,summary,主要会计数据
600066,宇通客车,利润总额,2023,207801.33,利润总额,5,summary,主要会计数据
600066,宇通客车,加权平均净资产收益率,2025,38.03,加权平均净资产收益率（%）,5,summary,主要财务指标
600066,宇通客车,加权平均净资产收益率,2024,30.94,加权平均净资产收益率（%）,5,summary,主要财务指标
600066,宇通客车,加权平均净资产收益率,2023,12.97,加权平均净资产收益率（%）,5,summary,主要财务指标
600066,宇通客车,基本每股收益,2025,2.51,基本每股收益（元／股）,5,summary,主要财务指标
600066,宇通客车,基本每股收益,2024,1.86,基本每股收益（元／股）,5,summary,主要财务指标
600066,宇通客车,基本每股收益,2023,0.82,基本每股收益（元／股）,5,summary,主要财务指标
600066,宇通客车,归母净利润,2025,555448.2,归属于上市公司股东的净利润,5,summary,主要会计数据
600066,宇通客车,归母净利润,2024,411619.44,归属于上市公司股东的净利润,5,summary,主要会计数据
600066,宇通客车,归母净利润,2023,181708.42,归属于上市公司股东的净利润,5,summary,主要会计数据
600066,宇通客车,归母净资产,2025,1560198.8,归属于上市公司股东的净资产,5,summary,主要会计数据
600066,宇通客车,归母净资产,2024,1342377.51,归属于上市公司股东的净资产,5,summary,主要会计数据
600066,宇通客车,归母净资产,2023,1391897.07,归属于上市公司股东的净资产,5,summary,主要会计数据
600066,宇通客车,总资产,2025,3299024.61,总资产,5,summary,主要会计数据
600066,宇通客车,总资产,2024,3215089.45,总资产,5,summary,主要会计数据
600066,宇通客车,总资产,2023,85695.6,总资产,5,summary,主要会计数据
600066,宇通客车,扣非加权平均净资产收益率,2025,31.36,扣除非经常性损益后的加权平均净资产收益率（%）,5,summary,主要财务指标
600066,宇通客车,扣非加权平均净资产收益率,2024,26.08,扣除非经常性损益后的加权平均净资产收益率（%）,5,summary,主要财务指标
600066,宇通客车,扣非加权平均净资产收益率,2023,10.1,扣除非经常性损益后的加权平均净资产收益率（%）,5,summary,主要财务指标
600066,宇通客车,扣非归母净利润,2025,458031.3,归属于上市公司股东的扣除非经常性损益的净利润,5,summary,主要会计数据
600066,宇通客车,扣非归母净利润,2024,346861.31,归属于上市公司股东的扣除非经常性损益的净利润,5,summary,主要会计数据
600066,宇通客车,扣非归母净利润,2023,141452.8,归属于上市公司股东的扣除非经常性损益的净利润,5,summary,主要会计数据
600066,宇通客车,稀释每股收益,2025,2.51,稀释每股收益（元／股）,5,summary,主要财务指标
600066,宇通客车,稀释每股收益,2024,1.86,稀释每股收益（元／股）,5,summary,主要财务指标
600066,宇通客车,稀释每股收益,2023,0.82,稀释每股收益（元／股）,5,summary,主要财务指标
600066,宇通客车,经营活动现金流量净额,2025,319667.98,经营活动产生的现金流量净额,5,summary,主要会计数据
600066,宇通客车,经营活动现金流量净额,2024,721059.03,经营活动产生的现金流量净额,5,summary,主要会计数据
600066,宇通客车,经营活动现金流量净额,2023,471669.77,经营活动产生的现金流量净额,5,summary,主要会计数据
600066,宇通客车,营业收入,2025,4142617.4,营业收入,5,summary,主要会计数据
600066,宇通客车,营业收入,2024,3721758.66,营业收入,5,summary,主要会计数据
600066,宇通客车,营业收入,2023,2704198.95,营业收入,5,summary,主要会计数据
600067,冠城新材,净利润,2025,130286064.76,净利润,168,statement,
600067,冠城新材,利润总额,2025,276729594.92,利润总额,7,summary,主要会计数据
600067,冠城新材,利润总额,2024,-534946802.09,利润总额,7,summary,主要会计数据
600067,冠城新材,利润总额,2023,-274204459.04,利润总额,7,summary,主要会计数据
600067,冠城新材,加权平均净资产收益率,2025,1.3,加权平均净资产收益率（%）,7,summary,主要财务指标
600067,冠城新材,加权平均净资产收益率,2024,-10.77,加权平均净资产收益率（%）,7,summary,主要财务指标
600067,冠城新材,加权平均净资产收益率,2023,-6.52,加权平均净资产收益率（%）,7,summary,主要财务指标
600067,冠城新材,基本每股收益,2025,0.05,基本每股收益（元/股）,7,summary,主要财务指标
600067,冠城新材,基本每股收益,2024,-0.49,基本每股收益（元/股）,7,summary,主要财务指标
600067,冠城新材,基本每股收益,2023,-0.32,基本每股收益（元/股）,7,summary,主要财务指标
600067,冠城新材,归母净利润,2025,74681574.81,归属于上市公司股东的净利润,7,summary,主要会计数据
600067,冠城新材,归母净利润,2024,-667337602.09,归属于上市公司股东的净利润,7,summary,主要会计数据
600067,冠城新材,归母净利润,2023,-444576370.15,归属于上市公司股东的净利润,7,summary,主要会计数据
600067,冠城新材,归母净资产,2025,5615074655.85,归属于上市公司股东的净资产,7,summary,主要会计数据
600067,冠城新材,归母净资产,2024,5847770551.39,归属于上市公司股东的净资产,7,summary,主要会计数据
600067,冠城新材,归母净资产,2023,6594469270.08,归属于上市公司股东的净资产,7,summary,主要会计数据
600067,冠城新材,总资产,2025,16246728278.27,总资产,7,summary,主要会计数据
600067,冠城新材,总资产,2024,18209215150.14,总资产,7,summary,主要会计数据
600067,冠城新材,总资产,2023,21824601109.69,总资产,7,summary,主要会计数据
600067,冠城新材,扣非加权平均净资产收益率,2025,1.3,扣除非经常性损益后的加权平均净资产收益率（%）,7,summary,主要财务指标
600067,冠城新材,扣非加权平均净资产收益率,2024,-11.09,扣除非经常性损益后的加权平均净资产收益率（%）,7,summary,主要财务指标
600067,冠城新材,扣非加权平均净资产收益率,2023,-6.3,扣除非经常性损益后的加权平均净资产收益率（%）,7,summary,主要财务指标
600067,冠城新材,扣非归母净利润,2025,74633234.64,归属于上市公司股东的扣除非经常性损益的净利润,7,summary,主要会计数据
600067,冠城新材,扣非归母净利润,2024,-687233753.01,归属于上市公司股东的扣除非经常性损益的净利润,7,summary,主要会计数据
600067,冠城新材,扣非归母净利润,2023,-429523978.39,归属于上市公司股东的扣除非经常性损益的净利润,7,summary,主要会计数据
600067,冠城新材,稀释每股收益,2025,0.05,稀释每股收益（元／股）,7,summary,主要财务指标
600067,冠城新材,稀释每股收益,2024,-0.49,稀释每股收益（元／股）,7,summary,主要财务指标
600067,冠城新材,稀释每股收益,2023,-0.32,稀释每股收益（元／股）,7,summary,主要财务指标
600067,冠城新材,经营活动现金流量净额,2025,1542984457.31,经营活动产生的现金流量净额,7,summary,主要会计数据
600067,冠城新材,经营活动现金流量净额,2024,773472566.98,经营活动产生的现金流量净额,7,summary,主要会计数据
600067,冠城新材,经营活动现金流量净额,2023,2224298669.37,经营活动产生的现金流量净额,7,summary,主要会计数据
600067,冠城新材,营业收入,2025,12390267707.5,营业收入,7,summary,主要会计数据
600067,冠城新材,营业收入,2024,8449386717.47,营业收入,7,summary,主要会计数据
600067,冠城新材,营业收入,2023,9720886105.05,营业收入,7,summary,主要会计数据
600071,凤凰光学,净利润,2025,36520387.21,净利润,139,statement,
600071,凤凰光学,利润总额,2025,36696739.27,利润总额,5,summary,主要会计数据
600071,凤凰光学,利润总额,2024,11172404.84,利润总额,5,summary,主要会计数据
600071,凤凰光学,利润总额,2023,-99325957.48,利润总额,5,summary,主要会计数据
600071,凤凰光学,加权平均净资产收益率,2025,6.99,加权平均净资产收益率（%）,5,summary,主要财务指标
600071,凤凰光学,加权平均净资产收益率,2024,3.03,加权平均净资产收益率（%）,5,summary,主要财务指标
600071,凤凰光学,加权平均净资产收益率,2023,-17.6,加权平均净资产收益率（%）,5,summary,主要财务指标
600071,凤凰光学,基本每股收益,2025,0.12,基本每股收益（元／股）,5,summary,主要财务指标
600071,凤凰光学,基本每股收益,2024,0.05,基本每股收益（元／股）,5,summary,主要财务指标
600071,凤凰光学,基本每股收益,2023,-0.3,基本每股收益（元／股）,5,summary,主要财务指标
600071,凤凰光学,归母净利润,2025,34422270.67,归属于上市公司股东的净利润,5,summary,主要会计数据
600071,凤凰光学,归母净利润,2024,13445516.51,归属于上市公司股东的净利润,5,summary,主要会计数据
600071,凤凰光学,归母净利润,2023,-84472546.03,归属于上市公司股东的净利润,5,summary,主要会计数据
600071,凤凰光学,归母净资产,2025,510386391.43,归属于上市公司股东的净资产,5,summary,主要会计数据
600071,凤凰光学,归母净资产,2024,475249779.32,归属于上市公司股东的净资产,5,summary,主要会计数据
600071,凤凰光学,归母净资产,2023,437750241.65,归属于上市公司股东的净资产,5,summary,主要会计数据
600071,凤凰光学,总资产,2025,1996253868.93,总资产,5,summary,主要会计数据
600071,凤凰光学,总资产,2024,1878715843.17,总资产,5,summary,主要会计数据
600071,凤凰光学,总资产,2023,1946140490.03,总资产,5,summary,主要会计数据
600071,凤凰光学,扣非加权平均净资产收益率,2025,1.07,扣除非经常性损益后的加权平均净资产收益率（%）,5,summary,主要财务指标
600071,凤凰光学,扣非加权平均净资产收益率,2024,-12.31,扣除非经常性损益后的加权平均净资产收益率（%）,5,summary,主要财务指标
600071,凤凰光学,扣非加权平均净资产收益率,2023,-23.13,扣除非经常性损益后的加权平均净资产收益率（%）,5,summary,主要财务指标
600071,凤凰光学,扣非归母净利润,2025,5248315.28,归属于上市公司股东的扣除非经常性损益的净利润,5,summary,主要会计数据
600071,凤凰光学,扣非归母净利润,2024,-54728566.76,归属于上市公司股东的扣除非经常性损益的净利润,5,summary,主要会计数据
600071,凤凰光学,扣非归母净利润,2023,-111033379.17,归属于上市公司股东的扣除非经常性损益的净利润,5,summary,主要会计数据
600071,凤凰光学,稀释每股收益,2025,0.12,稀释每股收益（元／股）,5,summary,主要财务指标
600071,凤凰光学,稀释每股收益,2024,0.05,稀释每股收益（元／股）,5,summary,主要财务指标
600071,凤凰光学,稀释每股收益,2023,-0.3,稀释每股收益（元／股）,5,summary,主要财务指标
600071,凤凰光学,经营活动现金流量净额,2025,160689608.07,经营活动产生的现金流量净额,5,summary,主要会计数据
600071,凤凰光学,经营活动现金流量净额,2024,70701238.2,经营活动产生的现金流量净额,5,summary,主要会计数据
600071,凤凰光学,经营活动现金流量净额,2023,154792098.38,经营活动产生的现金流量净额,5,summary,主要会计数据
600071,凤凰光学,营业收入,2025,1601065405.9,营业收入,5,summary,主要会计数据
600071,凤凰光学,营业收入,2024,1681142023.49,营业收入,5,summary,主要会计数据
600071,凤凰光学,营业收入,2023,1791171558.47,营业收入,5,summary,主要会计数据
600072,中船科技,净利润,2025,-3369320960.75,净利润,244,statement,
600072,中船科技,利润总额,2025,-3892103289.32,利润总额,7,summary,主要会计数据
600072,中船科技,利润总额,2024,350707940.06,利润总额,7,summary,主要会计数据
600072,中船科技,利润总额,2023,159571950.82,利润总额,7,summary,主要会计数据
600072,中船科技,加权平均净资产收益率,2025,-36.05,加权平均净资产收益率（%）,7,summary,主要财务指标
600072,中船科技,加权平均净资产收益率,2024,1.34,加权平均净资产收益率（%）,7,summary,主要财务指标
600072,中船科技,加权平均净资产收益率,2023,1.77,加权平均净资产收益率（%）,7,summary,主要财务指标
600072,中船科技,基本每股收益,2025,-2.2486,基本每股收益（元/股）,7,summary,主要财务指标
600072,中船科技,基本每股收益,2024,0.0972,基本每股收益（元/股）,7,summary,主要财务指标
600072,中船科技,基本每股收益,2023,0.1074,基本每股收益（元/股）,7,summary,主要财务指标
600072,中船科技,归母净利润,2025,-3386892398.75,归属于上市公司股东的净利润,7,summary,主要会计数据
600072,中船科技,归母净利润,2024,146438008.67,归属于上市公司股东的净利润,7,summary,主要会计数据
600072,中船科技,归母净利润,2023,161819588.65,归属于上市公司股东的净利润,7,summary,主要会计数据
600072,中船科技,归母净资产,2025,7798152611.2,归属于上市公司股东的净资产,7,summary,主要会计数据
600072,中船科技,归母净资产,2024,11001467482.48,归属于上市公司股东的净资产,7,summary,主要会计数据
600072,中船科技,归母净资产,2023,10894284683.76,归属于上市公司股东的净资产,7,summary,主要会计数据
600072,中船科技,总资产,2025,45164887728.13,总资产,7,summary,主要会计数据
600072,中船科技,总资产,2024,48103895139.9,总资产,7,summary,主要会计数据
600072,中船科技,总资产,2023,48080793429.73,总资产,7,summary,主要会计数据
600072,中船科技,扣非加权平均净资产收益率,2025,-36.27,扣除非经常性损益后的加权平均净资产收益率（%）,7,summary,主要财务指标
600072,中船科技,扣非加权平均净资产收益率,2024,-0.43,扣除非经常性损益后的加权平均净资产收益率（%）,7,summary,主要财务指标
600072,中船科技,扣非加权平均净资产收益率,2023,-2.73,扣除非经常性损益后的加权平均净资产收益率（%）,7,summary,主要财务指标
600072,中船科技,扣非归母净利润,2025,-3408215757.01,归属于上市公司股东的扣除非经常性损益的净利润,7,summary,主要会计数据
600072,中船科技,扣非归母净利润,2024,-46713988.44,归属于上市公司股东的扣除非经常性损益的净利润,7,summary,主要会计数据
600072,中船科技,扣非归母净利润,2023,-187593194.42,归属于上市公司股东的扣除非经常性损益的净利润,7,summary,主要会计数据
600072,中船科技,稀释每股收益,2025,-2.2486,稀释每股收益（元/股）,7,summary,主要财务指标
600072,中船科技,稀释每股收益,2024,0.0972,稀释每股收益（元/股）,7,summary,主要财务指标
600072,中船科技,稀释每股收益,2023,0.1074,稀释每股收益（元/股）,7,summary,主要财务指标
600072,中船科技,经营活动现金流量净额,2025,-236542673.14,经营活动产生的现金流量净额,7,summary,主要会计数据
600072,中船科技,经营活动现金流量净额,2024,244337972.38,经营活动产生的现金流量净额,7,summary,主要会计数据
600072,中船科技,经营活动现金流量净额,2023,-1943054851.89,经营活动产生的现金流量净额,7,summary,主要会计数据
600072,中船科技,营业收入,2025,10351257336.28,营业收入,7,summary,主要会计数据
600072,中船科技,营业收入,2024,8423142301.69,营业收入,7,summary,主要会计数据
600072,中船科技,营业收入,2023,14486240647.3,营业收入,7,summary,主要会计数据
600073,光明肉业,净利润,2025,-672419421.64,净利润,189,statement,
600073,光明肉业,利润总额,2025,-512244432.23,利润总额,7,summary,主要会计数据
600073,光明肉业,利润总额,2024,103003076.81,利润总额,7,summary,主要会计数据
600073,光明肉业,利润总额,2023,-79274550.1,利润总额,7,summary,主要会计数据
600073,光明肉业,加权平均净资产收益率,2025,-2.76,加权平均净资产收益率（%）,7,summary,主要财务指标
600073,光明肉业,加权平均净资产收益率,2024,4.41,加权平均净资产收益率（%）,7,summary,主要财务指标
600073,光明肉业,加权平均净资产收益率,2023,3.25,加权平均净资产收益率（%）,7,summary,主要财务指标
600073,光明肉业,基本每股收益,2025,-0.14,基本每股收益（元/股）,7,summary,主要财务指标
600073,光明肉业,基本每股收益,2024,0.23,基本每股收益（元/股）,7,summary,主要财务指标
600073,光明肉业,基本每股收益,2023,0.24,基本每股收益（元/股）,7,summary,主要财务指标
600073,光明肉业,归母净利润,2025,-132438166.82,归属于上市公司股东的净利润,7,summary,主要会计数据
600073,光明肉业,归母净利润,2024,216058780.75,归属于上市公司股东的净利润,7,summary,主要会计数据
600073,光明肉业,归母净利润,2023,225571040.08,归属于上市公司股东的净利润,7,summary,主要会计数据
600073,光明肉业,归母净资产,2025,4692754387.73,归属于上市公司股东的净资产,7,summary,主要会计数据
600073,光明肉业,归母净资产,2024,4895490164.33,归属于上市公司股东的净资产,7,summary,主要会计数据
600073,光明肉业,归母净资产,2023,4949498401.27,归属于上市公司股东的净资产,7,summary,主要会计数据
600073,光明肉业,总资产,2025,14657198299.69,总资产,7,summary,主要会计数据
600073,光明肉业,总资产,2024,14885174768.82,总资产,7,summary,主要会计数据
600073,光明肉业,总资产,2023,15320349903.78,总资产,7,summary,主要会计数据
600073,光明肉业,扣非加权平均净资产收益率,2025,-3.04,扣除非经常性损益后的加权平均净资产收益率（%）,7,summary,主要财务指标
600073,光明肉业,扣非加权平均净资产收益率,2024,1.76,扣除非经常性损益后的加权平均净资产收益率（%）,7,summary,主要财务指标
600073,光明肉业,扣非加权平均净资产收益率,2023,2.21,扣除非经常性损益后的加权平均净资产收益率（%）,7,summary,主要财务指标
600073,光明肉业,扣非归母净利润,2025,-145935530.1,归属于上市公司股东的扣除非经常性损益的净利润,7,summary,主要会计数据
600073,光明肉业,扣非归母净利润,2024,86371382.46,归属于上市公司股东的扣除非经常性损益的净利润,7,summary,主要会计数据
600073,光明肉业,扣非归母净利润,2023,153250373.32,归属于上市公司股东的扣除非经常性损益的净利润,7,summary,主要会计数据
600073,光明肉业,稀释每股收益,2025,-0.14,稀释每股收益（元/股）,7,summary,主要财务指标
600073,光明肉业,稀释每股收益,2024,0.23,稀释每股收益（元/股）,7,summary,主要财务指标
600073,光明肉业,稀释每股收益,2023,0.24,稀释每股收益（元/股）,7,summary,主要财务指标
600073,光明肉业,经营活动现金流量净额,2025,-188613736.92,经营活动产生的现金流量净额,7,summary,主要会计数据
600073,光明肉业,经营活动现金流量净额,2024,788513512.59,经营活动产生的现金流量净额,7,summary,主要会计数据
600073,光明肉业,经营活动现金流量净额,2023,379553353.21,经营活动产生的现金流量净额,7,summary,主要会计数据
600073,光明肉业,营业收入,2025,22129973192.35,营业收入,7,summary,主要会计数据
600073,光明肉业,营业收入,2024,21986892507.34,营业收入,7,summary,主要会计数据
600073,光明肉业,营业收入,2023,22367181017.29,营业收入,7,summary,主要会计数据
600075,新疆天业,净利润,2025,-57028404.41,净利润,195,statement,
600075,新疆天业,利润总额,2025,20802614.13,利润总额,6,summary,主要会计数据
600075,新疆天业,利润总额,2024,154843701.28,利润总额,6,summary,主要会计数据
600075,新疆天业,利润总额,2023,-819127672.04,利润总额,6,summary,主要会计数据
600075,新疆天业,加权平均净资产收益率,2025,-0.61,加权平均净资产收益率（%）,6,summary,主要财务指标
600075,新疆天业,加权平均净资产收益率,2024,0.74,加权平均净资产收益率（%）,6,summary,主要财务指标
600075,新疆天业,加权平均净资产收益率,2023,-7.52,加权平均净资产收益率（%）,6,summary,主要财务指标
600075,新疆天业,基本每股收益,2025,-0.03,基本每股收益（元/股）,6,summary,主要财务指标
600075,新疆天业,基本每股收益,2024,0.04,基本每股收益（元/股）,6,summary,主要财务指标
600075,新疆天业,基本每股收益,2023,-0.45,基本每股收益（元/股）,6,summary,主要财务指标
600075,新疆天业,归母净利润,2025,-57074737.49,归属于上市公司股东的净利润,6,summary,主要会计数据
600075,新疆天业,归母净利润,2024,68434985.31,归属于上市公司股东的净利润,6,summary,主要会计数据
600075,新疆天业,归母净资产,2025,9233174322.49,归属于上市公司股东的净资产,6,summary,主要会计数据
600075,新疆天业,归母净资产,2023,9251817594.31,归属于上市公司股东的净资产,6,summary,主要会计数据
600075,新疆天业,总资产,2025,20598030910.76,总资产,6,summary,主要会计数据
600075,新疆天业,总资产,2023,21065468962.7,总资产,6,summary,主要会计数据
600075,新疆天业,扣非加权平均净资产收益率,2025,-0.94,扣除非经常性损益后的加权平均净资产收益率（%）,6,summary,主要财务指标
600075,新疆天业,扣非加权平均净资产收益率,2024,-0.79,扣除非经常性损益后的加权平均净资产收益率（%）,6,summary,主要财务指标
600075,新疆天业,扣非加权平均净资产收益率,2023,-7.02,扣除非经常性损益后的加权平均净资产收益率（%）,6,summary,主要财务指标
600075,新疆天业,扣非归母净利润,2025,-90891956.28,归属于上市公司股东的扣除非经常性损益的净利润,6,summary,主要会计数据
600075,新疆天业,扣非归母净利润,2024,-77187471.15,归属于上市公司股东的扣除非经常性损益的净利润,6,summary,主要会计数据
600075,新疆天业,扣非归母净利润,2023,-680873557.67,归属于上市公司股东的扣除非经常性损益的净利润,6,summary,主要会计数据
600075,新疆天业,稀释每股收益,2025,-0.03,稀释每股收益（元／股）,6,summary,主要财务指标
600075,新疆天业,稀释每股收益,2024,0.04,稀释每股收益（元／股）,6,summary,主要财务指标
600075,新疆天业,稀释每股收益,2023,-0.45,稀释每股收益（元／股）,6,summary,主要财务指标
600075,新疆天业,经营活动现金流量净额,2025,787800388.11,经营活动产生的现金流量净额,6,summary,主要会计数据
600075,新疆天业,经营活动现金流量净额,2024,1364574087.93,经营活动产生的现金流量净额,6,summary,主要会计数据
600075,新疆天业,经营活动现金流量净额,2023,1885815286.07,经营活动产生的现金流量净额,6,summary,主要会计数据
600075,新疆天业,营业收入,2025,10487823729.91,营业收入,6,summary,主要会计数据
600075,新疆天业,营业收入,2024,11155938809.79,营业收入,6,summary,主要会计数据
600075,新疆天业,营业收入,2023,11465033933.82,营业收入,6,summary,主要会计数据
600076,康欣新材,净利润,2025,-341979008.5,净利润,192,statement,
600076,康欣新材,利润总额,2025,-385174544.71,利润总额,7,summary,主要会计数据
600076,康欣新材,加权平均净资产收益率,2025,-10.1,加权平均净资产收益率（%）,8,summary,主要财务指标
600076,康欣新材,基本每股收益,2025,-0.29,基本每股收益（元/股）,8,summary,主要财务指标
600076,康欣新材,归母净利润,2025,-384604083.07,归属于上市公司股东的净利润,7,summary,主要会计数据
600076,康欣新材,归母净资产,2025,3611649638.12,归属于上市公司股东的净资产,7,summary,主要会计数据
600076,康欣新材,总资产,2025,6658133169.98,总资产,7,summary,主要会计数据
600076,康欣新材,扣非加权平均净资产收益率,2025,-10.04,扣除非经常性损益后的加权平均净资产收益率（%）,8,summary,主要财务指标
600076,康欣新材,扣非归母净利润,2025,-382254067.77,归属于上市公司股东的扣除非经常性损益的净利润,7,summary,主要会计数据
600076,康欣新材,稀释每股收益,2025,-0.29,稀释每股收益（元/股）,8,summary,主要财务指标
600076,康欣新材,经营活动现金流量净额,2025,-118935545.81,经营活动产生的现金流量净额,7,summary,主要会计数据
600076,康欣新材,营业收入,2025,376738116.54,营业收入,7,summary,主要会计数据
600078,澄星股份,净利润,2025,98793324.53,净利润,175,statement,
600078,澄星股份,利润总额,2025,135470120.15,利润总额,6,summary,主要会计数据
600078,澄星股份,利润总额,2024,-156254288.73,利润总额,6,summary,主要会计数据
600078,澄星股份,利润总额,2023,13667109.74,利润总额,6,summary,主要会计数据
600078,澄星股份,加权平均净资产收益率,2025,0.51,加权平均净资产收益率（%）,7,summary,主要财务指标
600078,澄星股份,加权平均净资产收益率,2024,-11.31,加权平均净资产收益率（%）,7,summary,主要财务指标
600078,澄星股份,加权平均净资产收益率,2023,-3.18,加权平均净资产收益率（%）,7,summary,主要财务指标
600078,澄星股份,基本每股收益,2025,0.0127,基本每股收益（元/股）,7,summary,主要财务指标
600078,澄星股份,基本每股收益,2024,-0.3002,基本每股收益（元/股）,7,summary,主要财务指标
600078,澄星股份,基本每股收益,2023,-0.0918,基本每股收益（元/股）,7,summary,主要财务指标
600078,澄星股份,归母净利润,2025,8472122.07,归属于上市公司股东的净利润,6,summary,主要会计数据
600078,澄星股份,归母净利润,2024,-198896357.7,归属于上市公司股东的净利润,6,summary,主要会计数据
600078,澄星股份,归母净利润,2023,-60829137.13,归属于上市公司股东的净利润,6,summary,主要会计数据
600078,澄星股份,归母净资产,2025,1670620213.07,归属于上市公司股东的净资产,6,summary,主要会计数据
600078,澄星股份,归母净资产,2024,1655402125.99,归属于上市公司股东的净资产,6,summary,主要会计数据
600078,澄星股份,归母净资产,2023,1856756018.03,归属于上市公司股东的净资产,6,summary,主要会计数据
600078,澄星股份,总资产,2025,5693708575.35,总资产,6,summary,主要会计数据
600078,澄星股份,总资产,2024,5435872214.93,总资产,6,summary,主要会计数据
600078,澄星股份,总资产,2023,5530981480.46,总资产,6,summary,主要会计数据
600078,澄星股份,扣非加权平均净资产收益率,2025,-3.09,扣除非经常性损益后的加权平均净资产收益率（%）,7,summary,主要财务指标
600078,澄星股份,扣非加权平均净资产收益率,2024,-11.81,扣除非经常性损益后的加权平均净资产收益率（%）,7,summary,主要财务指标
600078,澄星股份,扣非加权平均净资产收益率,2023,-5.11,扣除非经常性损益后的加权平均净资产收益率（%）,7,summary,主要财务指标
600078,澄星股份,扣非归母净利润,2025,-51302359.36,归属于上市公司股东的扣除非经常性损益的净利润,6,summary,主要会计数据
600078,澄星股份,扣非归母净利润,2024,-207626385.2,归属于上市公司股东的扣除非经常性损益的净利润,6,summary,主要会计数据
600078,澄星股份,扣非归母净利润,2023,-97752038.15,归属于上市公司股东的扣除非经常性损益的净利润,6,summary,主要会计数据
600078,澄星股份,稀释每股收益,2025,0.0127,稀释每股收益（元/股）,7,summary,主要财务指标
600078,澄星股份,稀释每股收益,2024,-0.3002,稀释每股收益（元/股）,7,summary,主要财务指标
600078,澄星股份,稀释每股收益,2023,-0.0918,稀释每股收益（元/股）,7,summary,主要财务指标
600078,澄星股份,经营活动现金流量净额,2025,376547791.46,经营活动产生的现金流量净额,6,summary,主要会计数据
600078,澄星股份,经营活动现金流量净额,2024,268204788.93,经营活动产生的现金流量净额,6,summary,主要会计数据
600078,澄星股份,经营活动现金流量净额,2023,597819365.28,经营活动产生的现金流量净额,6,summary,主要会计数据
600078,澄星股份,营业收入,2025,3596286350.46,营业收入,6,summary,主要会计数据
600078,澄星股份,营业收入,2024,3355957546.4,营业收入,6,summary,主要会计数据
600078,澄星股份,营业收入,2023,3100968148.69,营业收入,6,summary,主要会计数据
600079,ST人福,净利润,2025,2492456006.87,净利润,201,statement,
600079,ST人福,利润总额,2025,3056460969.58,利润总额,8,summary,主要会计数据
600079,ST人福,利润总额,2024,2422830341.45,利润总额,8,summary,主要会计数据
600079,ST人福,利润总额,2023,3383828831.97,利润总额,8,summary,主要会计数据
600079,ST人福,加权平均净资产收益率,2025,10.16,加权平均净资产收益率（%）,8,summary,主要财务指标
600079,ST人福,加权平均净资产收益率,2024,7.67,加权平均净资产收益率（%）,8,summary,主要财务指标
600079,ST人福,加权平均净资产收益率,2023,13.32,加权平均净资产收益率（%）,8,summary,主要财务指标
600079,ST人福,基本每股收益,2025,1.14,基本每股收益（元／股）,8,summary,主要财务指标
600079,ST人福,基本每股收益,2024,0.82,基本每股收益（元／股）,8,summary,主要财务指标
600079,ST人福,基本每股收益,2023,1.32,基本每股收益（元／股）,8,summary,主要财务指标
600079,ST人福,归母净利润,2025,1855334433.96,归属于上市公司股东的净利润,8,summary,主要会计数据
600079,ST人福,归母净利润,2024,1329744984.33,归属于上市公司股东的净利润,8,summary,主要会计数据
600079,ST人福,归母净利润,2023,2134484688.96,归属于上市公司股东的净利润,8,summary,主要会计数据
600079,ST人福,归母净资产,2025,18913313552.86,归属于上市公司股东的净资产,8,summary,主要会计数据
600079,ST人福,归母净资产,2024,17623818879.08,归属于上市公司股东的净资产,8,summary,主要会计数据
600079,ST人福,归母净资产,2023,17043599963.36,归属于上市公司股东的净资产,8,summary,主要会计数据
600079,ST人福,总资产,2025,36745121610.08,总资产,8,summary,主要会计数据
600079,ST人福,总资产,2024,36508323981.75,总资产,8,summary,主要会计数据
600079,ST人福,总资产,2023,36204297567.19,总资产,8,summary,主要会计数据
600079,ST人福,扣非加权平均净资产收益率,2025,9.65,扣除非经常性损益后的加权平均净资产收益率（%）,8,summary,主要财务指标
600079,ST人福,扣非加权平均净资产收益率,2024,6.57,扣除非经常性损益后的加权平均净资产收益率（%）,8,summary,主要财务指标
600079,ST人福,扣非加权平均净资产收益率,2023,11.37,扣除非经常性损益后的加权平均净资产收益率（%）,8,summary,主要财务指标
600079,ST人福,扣非归母净利润,2025,1762404870.57,归属于上市公司股东的扣除非经常性损益的净利润,8,summary,主要会计数据
600079,ST人福,扣非归母净利润,2024,1138885517.83,归属于上市公司股东的扣除非经常性损益的净利润,8,summary,主要会计数据
600079,ST人福,扣非归母净利润,2023,1822141598.15,归属于上市公司股东的扣除非经常性损益的净利润,8,summary,主要会计数据
600079,ST人福,稀释每股收益,2025,1.14,稀释每股收益（元／股）,8,summary,主要财务指标
600079,ST人福,稀释每股收益,2024,0.82,稀释每股收益（元／股）,8,summary,主要财务指标
600079,ST人福,稀释每股收益,2023,1.31,稀释每股收益（元／股）,8,summary,主要财务指标
600079,ST人福,经营活动现金流量净额,2025,2518723812.14,经营活动产生的现金流量净额,8,summary,主要会计数据
600079,ST人福,经营活动现金流量净额,2024,2164265059.49,经营活动产生的现金流量净额,8,summary,主要会计数据
600079,ST人福,经营活动现金流量净额,2023,1967249725.15,经营活动产生的现金流量净额,8,summary,主要会计数据
600079,ST人福,营业收入,2025,23962010164.64,营业收入,8,summary,主要会计数据
600079,ST人福,营业收入,2024,25435484349.43,营业收入,8,summary,主要会计数据
600079,ST人福,营业收入,2023,24524740572.69,营业收入,8,summary,主要会计数据
600080,ST金花,净利润,2025,15331726.51,净利润,150,statement,
600080,ST金花,利润总额,2025,18569507.49,利润总额,6,summary,主要会计数据
600080,ST金花,利润总额,2024,42039280.14,利润总额,6,summary,主要会计数据
600080,ST金花,利润总额,2023,-41054617.26,利润总额,6,summary,主要会计数据
600080,ST金花,加权平均净资产收益率,2025,1,加权平均净资产收益率（%）,6,summary,主要财务指标
600080,ST金花,加权平均净资产收益率,2024,4.79,加权平均净资产收益率（%）,6,summary,主要财务指标
600080,ST金花,加权平均净资产收益率,2023,-2.58,加权平均净资产收益率（%）,6,summary,主要财务指标
600080,ST金花,基本每股收益,2025,0.0442,基本每股收益（元／股）,6,summary,主要财务指标
600080,ST金花,基本每股收益,2024,0.2088,基本每股收益（元／股）,6,summary,主要财务指标
600080,ST金花,基本每股收益,2023,-0.1149,基本每股收益（元／股）,6,summary,主要财务指标
600080,ST金花,归母净利润,2025,15576690.75,归属于上市公司股东的净利润,6,summary,主要会计数据
600080,ST金花,归母净利润,2024,74611329.88,归属于上市公司股东的净利润,6,summary,主要会计数据
600080,ST金花,归母净利润,2023,-42890580.25,归属于上市公司股东的净利润,6,summary,主要会计数据
600080,ST金花,归母净资产,2025,1559604502.13,归属于上市公司股东的净资产,6,summary,主要会计数据
600080,ST金花,归母净资产,2024,1560494557.82,归属于上市公司股东的净资产,6,summary,主要会计数据
600080,ST金花,归母净资产,2023,1638426525.45,归属于上市公司股东的净资产,6,summary,主要会计数据
600080,ST金花,总资产,2025,1927960048.08,总资产,6,summary,主要会计数据
600080,ST金花,总资产,2024,1972071163.91,总资产,6,summary,主要会计数据
600080,ST金花,总资产,2023,2108551141.95,总资产,6,summary,主要会计数据
600080,ST金花,扣非加权平均净资产收益率,2025,0.78,扣除非经常性损益后的加权平均净资产收益率（%）,6,summary,主要财务指标
600080,ST金花,扣非加权平均净资产收益率,2024,0.88,扣除非经常性损益后的加权平均净资产收益率（%）,6,summary,主要财务指标
600080,ST金花,扣非加权平均净资产收益率,2023,0.18,扣除非经常性损益后的加权平均净资产收益率（%）,6,summary,主要财务指标
600080,ST金花,扣非归母净利润,2025,12116070.73,归属于上市公司股东的扣除非经常性损益的净利润,6,summary,主要会计数据
600080,ST金花,扣非归母净利润,2024,13774886.74,归属于上市公司股东的扣除非经常性损益的净利润,6,summary,主要会计数据
600080,ST金花,扣非归母净利润,2023,3004719.15,归属于上市公司股东的扣除非经常性损益的净利润,6,summary,主要会计数据
600080,ST金花,稀释每股收益,2025,0.0442,稀释每股收益（元／股）,6,summary,主要财务指标
600080,ST金花,稀释每股收益,2024,0.2088,稀释每股收益（元／股）,6,summary,主要财务指标
600080,ST金花,稀释每股收益,2023,-0.1149,稀释每股收益（元／股）,6,summary,主要财务指标
600080,ST金花,经营活动现金流量净额,2025,24765161.64,经营活动产生的现金流量净额,6,summary,主要会计数据
600080,ST金花,经营活动现金流量净额,2024,10858725.2,经营活动产生的现金流量净额,6,summary,主要会计数据
600080,ST金花,经营活动现金流量净额,2023,60548425.38,经营活动产生的现金流量净额,6,summary,主要会计数据
600080,ST金花,营业收入,2025,544042062.96,营业收入,6,summary,主要会计数据
600080,ST金花,营业收入,2024,585461786.23,营业收入,6,summary,主要会计数据
600080,ST金花,营业收入,2023,565403410.11,营业收入,6,summary,主要会计数据
600081,东风科技,净利润,2025,148531839.08,净利润,174,statement,
600081,东风科技,利润总额,2025,187637372.66,利润总额,7,summary,主要会计数据
600081,东风科技,利润总额,2024,280971608.81,利润总额,7,summary,主要会计数据
600081,东风科技,加权平均净资产收益率,2025,0.4114,加权平均净资产收益率（%）,7,summary,主要财务指标
600081,东风科技,加权平均净资产收益率,2024,1.9463,加权平均净资产收益率（%）,7,summary,主要财务指标
600081,东风科技,基本每股收益,2025,0.0341,基本每股收益（元／股）,7,summary,主要财务指标
600081,东风科技,基本每股收益,2024,0.1608,基本每股收益（元／股）,7,summary,主要财务指标
600081,东风科技,归母净利润,2025,18838464.93,归属于上市公司股东的净利润,7,summary,主要会计数据
600081,东风科技,归母净利润,2024,91276152.49,归属于上市公司股东的净利润,7,summary,主要会计数据
600081,东风科技,归母净资产,2025,4576859125.22,归属于上市公司股东的净资产,7,summary,主要会计数据
600081,东风科技,归母净资产,2024,4580718200.23,归属于上市公司股东的净资产,7,summary,主要会计数据
600081,东风科技,总资产,2025,10273362995.59,总资产,7,summary,主要会计数据
600081,东风科技,总资产,2024,10098517204.61,总资产,7,summary,主要会计数据
600081,东风科技,扣非加权平均净资产收益率,2025,-1.0264,扣除非经常性损益后的加权平均净资产收益率（%）,7,summary,主要财务指标
600081,东风科技,扣非加权平均净资产收益率,2024,0.4394,扣除非经常性损益后的加权平均净资产收益率（%）,7,summary,主要财务指标
600081,东风科技,扣非归母净利润,2025,-46995376.32,归属于上市公司股东的扣除非经常性损益的净利润,7,summary,主要会计数据
600081,东风科技,扣非归母净利润,2024,20608420.52,归属于上市公司股东的扣除非经常性损益的净利润,7,summary,主要会计数据
600081,东风科技,稀释每股收益,2025,0.0341,稀释每股收益（元／股）,7,summary,主要财务指标
600081,东风科技,稀释每股收益,2024,0.1608,稀释每股收益（元／股）,7,summary,主要财务指标
600081,东风科技,经营活动现金流量净额,2025,207622161.49,经营活动产生的现金流量净额,7,summary,主要会计数据
600081,东风科技,经营活动现金流量净额,2024,420849859.99,经营活动产生的现金流量净额,7,summary,主要会计数据
600081,东风科技,营业收入,2025,6274293277.76,营业收入,7,summary,主要会计数据
600081,东风科技,营业收入,2024,6809747099.15,营业收入,7,summary,主要会计数据
600082,ST海泰 ,净利润,2025,-72983285.77,净利润,165,statement,
600082,ST海泰 ,利润总额,2025,-59601051.78,利润总额,5,summary,主要会计数据
600082,ST海泰 ,利润总额,2024,29324981.63,利润总额,5,summary,主要会计数据
600082,ST海泰 ,利润总额,2023,17085075.62,利润总额,5,summary,主要会计数据
600082,ST海泰 ,加权平均净资产收益率,2025,-4.2,加权平均净资产收益率（%）,5,summary,主要财务指标
600082,ST海泰 ,加权平均净资产收益率,2024,0.54,加权平均净资产收益率（%）,5,summary,主要财务指标
600082,ST海泰 ,加权平均净资产收益率,2023,0.72,加权平均净资产收益率（%）,5,summary,主要财务指标
600082,ST海泰 ,基本每股收益,2025,-0.113,基本每股收益（元/股）,5,summary,主要财务指标
600082,ST海泰 ,基本每股收益,2024,0.0148,基本每股收益（元/股）,5,summary,主要财务指标
600082,ST海泰 ,基本每股收益,2023,0.0196,基本每股收益（元/股）,5,summary,主要财务指标
600082,ST海泰 ,归母净利润,2025,-72983285.77,归属于上市公司股东的净利润,5,summary,主要会计数据
600082,ST海泰 ,归母净利润,2024,9582809.08,归属于上市公司股东的净利润,5,summary,主要会计数据
600082,ST海泰 ,归母净利润,2023,12690341.54,归属于上市公司股东的净利润,5,summary,主要会计数据
600082,ST海泰 ,归母净资产,2025,1703047710.93,归属于上市公司股东的净资产,5,summary,主要会计数据
600082,ST海泰 ,归母净资产,2024,1776030996.7,归属于上市公司股东的净资产,5,summary,主要会计数据
600082,ST海泰 ,归母净资产,2023,1770324882.58,归属于上市公司股东的净资产,5,summary,主要会计数据
600082,ST海泰 ,总资产,2025,2506998795.68,总资产,5,summary,主要会计数据
600082,ST海泰 ,总资产,2024,3086605905.99,总资产,5,summary,主要会计数据
600082,ST海泰 ,总资产,2023,2934374408.44,总资产,5,summary,主要会计数据
600082,ST海泰 ,扣非加权平均净资产收益率,2025,-4.4,扣除非经常性损益后的加权平均净资产收益率（%）,5,summary,主要财务指标
600082,ST海泰 ,扣非加权平均净资产收益率,2024,0.53,扣除非经常性损益后的加权平均净资产收益率（%）,5,summary,主要财务指标
600082,ST海泰 ,扣非加权平均净资产收益率,2023,0.64,扣除非经常性损益后的加权平均净资产收益率（%）,5,summary,主要财务指标
600082,ST海泰 ,扣非归母净利润,2025,-76483275.15,归属于上市公司股东的扣除非经常性损益的净利润,5,summary,主要会计数据
600082,ST海泰 ,扣非归母净利润,2024,9328931.91,归属于上市公司股东的扣除非经常性损益的净利润,5,summary,主要会计数据
600082,ST海泰 ,扣非归母净利润,2023,11286450.84,归属于上市公司股东的扣除非经常性损益的净利润,5,summary,主要会计数据
600082,ST海泰 ,稀释每股收益,2025,-0.113,稀释每股收益（元／股）,5,summary,主要财务指标
600082,ST海泰 ,稀释每股收益,2024,0.0148,稀释每股收益（元／股）,5,summary,主要财务指标
600082,ST海泰 ,稀释每股收益,2023,0.0196,稀释每股收益（元／股）,5,summary,主要财务指标
600082,ST海泰 ,经营活动现金流量净额,2025,778262931.7,经营活动产生的现金流量净额,5,summary,主要会计数据
600082,ST海泰 ,经营活动现金流量净额,2024,724358697.29,经营活动产生的现金流量净额,5,summary,主要会计数据
600082,ST海泰 ,经营活动现金流量净额,2023,454707999.89,经营活动产生的现金流量净额,5,summary,主要会计数据
600082,ST海泰 ,营业收入,2025,449240562.34,营业收入,5,summary,主要会计数据
600082,ST海泰 ,营业收入,2024,337632315.16,营业收入,5,summary,主要会计数据
600082,ST海泰 ,营业收入,2023,461463281.01,营业收入,5,summary,主要会计数据
600084,*ST尼雅,净利润,2025,-26162863.39,净利润,170,statement,
600084,*ST尼雅,利润总额,2025,-24870552.58,利润总额,6,summary,主要会计数据
600084,*ST尼雅,利润总额,2024,8099596.56,利润总额,6,summary,主要会计数据
600084,*ST尼雅,利润总额,2023,4703719.75,利润总额,6,summary,主要会计数据
600084,*ST尼雅,加权平均净资产收益率,2025,-2.04,加权平均净资产收益率（%）,6,summary,主要财务指标
600084,*ST尼雅,加权平均净资产收益率,2024,0.94,加权平均净资产收益率（%）,6,summary,主要财务指标
600084,*ST尼雅,加权平均净资产收益率,2023,0.29,加权平均净资产收益率（%）,6,summary,主要财务指标
600084,*ST尼雅,基本每股收益,2025,-0.0232,基本每股收益（元/股）,6,summary,主要财务指标
600084,*ST尼雅,基本每股收益,2024,0.0108,基本每股收益（元/股）,6,summary,主要财务指标
600084,*ST尼雅,基本每股收益,2023,0.0033,基本每股收益（元/股）,6,summary,主要财务指标
600084,*ST尼雅,归母净利润,2025,-26075503.09,归属于上市公司股东的净利润,6,summary,主要会计数据
600084,*ST尼雅,归母净利润,2024,12125018.45,归属于上市公司股东的净利润,6,summary,主要会计数据
600084,*ST尼雅,归母净利润,2023,3676149.13,归属于上市公司股东的净利润,6,summary,主要会计数据
600084,*ST尼雅,归母净资产,2025,1267745525.66,归属于上市公司股东的净资产,6,summary,主要会计数据
600084,*ST尼雅,归母净资产,2024,1293929064.94,归属于上市公司股东的净资产,6,summary,主要会计数据
600084,*ST尼雅,归母净资产,2023,1282076867.04,归属于上市公司股东的净资产,6,summary,主要会计数据
600084,*ST尼雅,总资产,2025,1426131639.46,总资产,6,summary,主要会计数据
600084,*ST尼雅,总资产,2024,1434177612.29,总资产,6,summary,主要会计数据
600084,*ST尼雅,总资产,2023,1419070681.73,总资产,6,summary,主要会计数据
600084,*ST尼雅,扣非加权平均净资产收益率,2025,-2.36,扣除非经常性损益后的加权平均净资产收益率（%）,6,summary,主要财务指标
600084,*ST尼雅,扣非加权平均净资产收益率,2024,0.27,扣除非经常性损益后的加权平均净资产收益率（%）,6,summary,主要财务指标
600084,*ST尼雅,扣非加权平均净资产收益率,2023,-1.15,扣除非经常性损益后的加权平均净资产收益率（%）,6,summary,主要财务指标
600084,*ST尼雅,扣非归母净利润,2025,-30255760.68,归属于上市公司股东的扣除非经常性损益的净利润,6,summary,主要会计数据
600084,*ST尼雅,扣非归母净利润,2024,3431000.3,归属于上市公司股东的扣除非经常性损益的净利润,6,summary,主要会计数据
600084,*ST尼雅,扣非归母净利润,2023,-14795547.55,归属于上市公司股东的扣除非经常性损益的净利润,6,summary,主要会计数据
600084,*ST尼雅,稀释每股收益,2025,-0.0232,稀释每股收益（元/股）,6,summary,主要财务指标
600084,*ST尼雅,稀释每股收益,2024,0.0108,稀释每股收益（元/股）,6,summary,主要财务指标
600084,*ST尼雅,稀释每股收益,2023,0.0033,稀释每股收益（元/股）,6,summary,主要财务指标
600084,*ST尼雅,经营活动现金流量净额,2025,1107268.08,经营活动产生的现金流量净额,6,summary,主要会计数据
600084,*ST尼雅,经营活动现金流量净额,2024,-49650754.39,经营活动产生的现金流量净额,6,summary,主要会计数据
600084,*ST尼雅,经营活动现金流量净额,2023,54950849.15,经营活动产生的现金流量净额,6,summary,主要会计数据
600084,*ST尼雅,营业收入,2025,123303801.05,营业收入,6,summary,主要会计数据
600084,*ST尼雅,营业收入,2024,161433474.3,营业收入,6,summary,主要会计数据
600084,*ST尼雅,营业收入,2023,211546747.55,营业收入,6,summary,主要会计数据
600085,同仁堂,净利润,2025,1633180144.61,净利润,166,statement,
600085,同仁堂,利润总额,2025,202668.9,利润总额,7,summary,主要会计数据
600085,同仁堂,利润总额,2024,280538.31,利润总额,7,summary,主要会计数据
600085,同仁堂,利润总额,2023,308065.39,利润总额,7,summary,主要会计数据
600085,同仁堂,加权平均净资产收益率,2025,8.86,加权平均净资产收益率（%）,7,summary,主要财务指标
600085,同仁堂,加权平均净资产收益率,2024,11.49,加权平均净资产收益率（%）,7,summary,主要财务指标
600085,同仁堂,加权平均净资产收益率,2023,13.42,加权平均净资产收益率（%）,7,summary,主要财务指标
600085,同仁堂,基本每股收益,2025,0.867,基本每股收益（元／股）,7,summary,主要财务指标
600085,同仁堂,基本每股收益,2024,1.113,基本每股收益（元／股）,7,summary,主要财务指标
600085,同仁堂,基本每股收益,2023,1.217,基本每股收益（元／股）,7,summary,主要财务指标
600085,同仁堂,归母净利润,2025,118937.44,归属于上市公司股东的净利润,7,summary,主要会计数据
600085,同仁堂,归母净利润,2024,152627.49,归属于上市公司股东的净利润,7,summary,主要会计数据
600085,同仁堂,归母净利润,2023,166883.45,归属于上市公司股东的净利润,7,summary,主要会计数据
600085,同仁堂,归母净资产,2025,1365662.57,归属于上市公司股东的净资产,7,summary,主要会计数据
600085,同仁堂,归母净资产,2024,1319632.32,归属于上市公司股东的净资产,7,summary,主要会计数据
600085,同仁堂,归母净资产,2023,1305801.21,归属于上市公司股东的净资产,7,summary,主要会计数据
600085,同仁堂,总资产,2025,3062111.95,总资产,7,summary,主要会计数据
600085,同仁堂,总资产,2024,3119752.4,总资产,7,summary,主要会计数据
600085,同仁堂,总资产,2023,3008945.02,总资产,7,summary,主要会计数据
600085,同仁堂,扣非加权平均净资产收益率,2025,8.54,扣除非经常性损益后的加权平均净资产收益率（%）,7,summary,主要财务指标
600085,同仁堂,扣非加权平均净资产收益率,2024,11.15,扣除非经常性损益后的加权平均净资产收益率（%）,7,summary,主要财务指标
600085,同仁堂,扣非加权平均净资产收益率,2023,13.32,扣除非经常性损益后的加权平均净资产收益率（%）,7,summary,主要财务指标
600085,同仁堂,扣非归母净利润,2025,114727.19,归属于上市公司股东的扣除非经常性损益的净利润,7,summary,主要会计数据
600085,同仁堂,扣非归母净利润,2024,148176.36,归属于上市公司股东的扣除非经常性损益的净利润,7,summary,主要会计数据
600085,同仁堂,扣非归母净利润,2023,165660.29,归属于上市公司股东的扣除非经常性损益的净利润,7,summary,主要会计数据
600085,同仁堂,经营活动现金流量净额,2025,269287.07,经营活动产生的现金流量净额,7,summary,主要会计数据
600085,同仁堂,经营活动现金流量净额,2024,76098.53,经营活动产生的现金流量净额,7,summary,主要会计数据
600085,同仁堂,经营活动现金流量净额,2023,186949.19,经营活动产生的现金流量净额,7,summary,主要会计数据
600085,同仁堂,营业收入,2025,1725618.51,营业收入,7,summary,主要会计数据
600085,同仁堂,营业收入,2024,1859728.16,营业收入,7,summary,主要会计数据
600085,同仁堂,营业收入,2023,1786089.15,营业收入,7,summary,主要会计数据
600088,中视传媒,净利润,2025,-15559473.44,净利润,138,statement,
600088,中视传媒,利润总额,2025,17330603.37,利润总额,5,summary,主要会计数据
600088,中视传媒,利润总额,2024,63298721.13,利润总额,5,summary,主要会计数据
600088,中视传媒,利润总额,2023,249084901.22,利润总额,5,summary,主要会计数据
600088,中视传媒,加权平均净资产收益率,2025,-1.41,加权平均净资产收益率（%）,5,summary,主要财务指标
600088,中视传媒,加权平均净资产收益率,2024,3.47,加权平均净资产收益率（%）,5,summary,主要财务指标
600088,中视传媒,加权平均净资产收益率,2023,21.04,加权平均净资产收益率（%）,5,summary,主要财务指标
600088,中视传媒,基本每股收益,2025,-0.045,基本每股收益（元/股）,5,summary,主要财务指标
600088,中视传媒,基本每股收益,2024,0.11,基本每股收益（元/股）,5,summary,主要财务指标
600088,中视传媒,基本每股收益,2023,0.597,基本每股收益（元/股）,5,summary,主要财务指标
600088,中视传媒,归母净利润,2025,-17956761.63,归属于上市公司股东的净利润,5,summary,主要会计数据
600088,中视传媒,归母净利润,2024,43846433.73,归属于上市公司股东的净利润,5,summary,主要会计数据
600088,中视传媒,归母净利润,2023,237271189.28,归属于上市公司股东的净利润,5,summary,主要会计数据
600088,中视传媒,归母净资产,2025,1253960686.69,归属于上市公司股东的净资产,5,summary,主要会计数据
600088,中视传媒,归母净资产,2024,1286983790.56,归属于上市公司股东的净资产,5,summary,主要会计数据
600088,中视传媒,归母净资产,2023,1246410731.93,归属于上市公司股东的净资产,5,summary,主要会计数据
600088,中视传媒,总资产,2025,1712845805.38,总资产,5,summary,主要会计数据
600088,中视传媒,总资产,2024,1775954954.03,总资产,5,summary,主要会计数据
600088,中视传媒,总资产,2023,1698626007.88,总资产,5,summary,主要会计数据
600088,中视传媒,扣非加权平均净资产收益率,2025,-1.2,扣除非经常性损益后的加权平均净资产收益率（%）,5,summary,主要财务指标
600088,中视传媒,扣非加权平均净资产收益率,2024,1.84,扣除非经常性损益后的加权平均净资产收益率（%）,5,summary,主要财务指标
600088,中视传媒,扣非加权平均净资产收益率,2023,2.4,扣除非经常性损益后的加权平均净资产收益率（%）,5,summary,主要财务指标
600088,中视传媒,扣非归母净利润,2025,-15224287.99,归属于上市公司股东的扣除非经常性损益的净利润,5,summary,主要会计数据
600088,中视传媒,扣非归母净利润,2024,23228184.23,归属于上市公司股东的扣除非经常性损益的净利润,5,summary,主要会计数据
600088,中视传媒,扣非归母净利润,2023,27090689.63,归属于上市公司股东的扣除非经常性损益的净利润,5,summary,主要会计数据
600088,中视传媒,稀释每股收益,2025,-0.045,稀释每股收益（元／股）,5,summary,主要财务指标
600088,中视传媒,稀释每股收益,2024,0.11,稀释每股收益（元／股）,5,summary,主要财务指标
600088,中视传媒,稀释每股收益,2023,0.597,稀释每股收益（元／股）,5,summary,主要财务指标
600088,中视传媒,经营活动现金流量净额,2025,-56177528.16,经营活动产生的现金流量净额,5,summary,主要会计数据
600088,中视传媒,经营活动现金流量净额,2024,92929746.83,经营活动产生的现金流量净额,5,summary,主要会计数据
600088,中视传媒,经营活动现金流量净额,2023,31128078.47,经营活动产生的现金流量净额,5,summary,主要会计数据
600088,中视传媒,营业收入,2025,1037484312.21,营业收入,5,summary,主要会计数据
600088,中视传媒,营业收入,2024,1137504727.93,营业收入,5,summary,主要会计数据
600088,中视传媒,营业收入,2023,1114904025.63,营业收入,5,summary,主要会计数据
600089,特变电工,净利润,2025,3602890621.32,净利润,304,statement,
600089,特变电工,利润总额,2025,805177.52,利润总额,8,summary,主要会计数据
600089,特变电工,利润总额,2023,1690500.08,利润总额,8,summary,主要会计数据
600089,特变电工,加权平均净资产收益率,2025,8.7546,加权平均净资产收益率（%）,8,summary,主要财务指标
600089,特变电工,加权平均净资产收益率,2023,18.4207,加权平均净资产收益率（%）,8,summary,主要财务指标
600089,特变电工,基本每股收益,2025,1.161,基本每股收益（元/股）,8,summary,主要财务指标
600089,特变电工,基本每股收益,2023,2.3908,基本每股收益（元/股）,8,summary,主要财务指标
600089,特变电工,归母净利润,2025,595429.5,归属于上市公司股东的净利润,8,summary,主要会计数据
600089,特变电工,归母净利润,2023,1071133.22,归属于上市公司股东的净利润,8,summary,主要会计数据
600089,特变电工,归母净资产,2025,7439182.16,归属于上市公司股东的净资产,8,summary,主要会计数据
600089,特变电工,归母净资产,2023,6259292.35,归属于上市公司股东的净资产,8,summary,主要会计数据
600089,特变电工,总资产,2025,22715038.16,总资产,8,summary,主要会计数据
600089,特变电工,总资产,2023,19204624.52,总资产,8,summary,主要会计数据
600089,特变电工,扣非加权平均净资产收益率,2025,6.6516,扣除非经常性损益后的加权平均净资产收益率（%）,8,summary,主要财务指标
600089,特变电工,扣非加权平均净资产收益率,2023,17.8562,扣除非经常性损益后的加权平均净资产收益率（%）,8,summary,主要财务指标
600089,特变电工,扣非归母净利润,2025,455424.95,归属于上市公司股东的扣除非经常性损益的净利润,8,summary,主要会计数据
600089,特变电工,扣非归母净利润,2023,1038569.62,归属于上市公司股东的扣除非经常性损益的净利润,8,summary,主要会计数据
600089,特变电工,稀释每股收益,2025,1.161,稀释每股收益（元/股）,8,summary,主要财务指标
600089,特变电工,稀释每股收益,2023,2.3908,稀释每股收益（元/股）,8,summary,主要财务指标
600089,特变电工,经营活动现金流量净额,2025,933063.1,经营活动产生的现金流量净额,8,summary,主要会计数据
600089,特变电工,经营活动现金流量净额,2023,2582884.18,经营活动产生的现金流量净额,8,summary,主要会计数据
600089,特变电工,营业收入,2025,9722653.84,营业收入,8,summary,主要会计数据
600089,特变电工,营业收入,2023,9815557.88,营业收入,8,summary,主要会计数据
600094,大名城,净利润,2025,150251869.76,净利润,158,statement,
600094,大名城,利润总额,2025,166957234.31,利润总额,7,summary,主要会计数据
600094,大名城,利润总额,2024,-1790849254.29,利润总额,7,summary,主要会计数据
600094,大名城,利润总额,2023,758046487.5,利润总额,7,summary,主要会计数据
600094,大名城,加权平均净资产收益率,2025,1.41,加权平均净资产收益率（%）,7,summary,主要财务指标
600094,大名城,加权平均净资产收益率,2024,-20.59,加权平均净资产收益率（%）,7,summary,主要财务指标
600094,大名城,加权平均净资产收益率,2023,1.79,加权平均净资产收益率（%）,7,summary,主要财务指标
600094,大名城,基本每股收益,2025,0.06,基本每股收益（元／股）,7,summary,主要财务指标
600094,大名城,基本每股收益,2024,-1,基本每股收益（元／股）,7,summary,主要财务指标
600094,大名城,基本每股收益,2023,0.0899,基本每股收益（元／股）,7,summary,主要财务指标
600094,大名城,归母净利润,2025,143478990.09,归属于上市公司股东的净利润,7,summary,主要会计数据
600094,大名城,归母净利润,2023,222551310.4,归属于上市公司股东的净利润,7,summary,主要会计数据
600094,大名城,归母净资产,2025,10270613149.51,归属于上市公司股东的净资产,7,summary,主要会计数据
600094,大名城,归母净资产,2024,10125477768.31,归属于上市公司股东的净资产,7,summary,主要会计数据
600094,大名城,归母净资产,2023,12529103704.31,归属于上市公司股东的净资产,7,summary,主要会计数据
600094,大名城,总资产,2025,16385767295.02,总资产,7,summary,主要会计数据
600094,大名城,总资产,2024,18566273190.36,总资产,7,summary,主要会计数据
600094,大名城,总资产,2023,25326101115.43,总资产,7,summary,主要会计数据
600094,大名城,扣非加权平均净资产收益率,2025,1.38,扣除非经常性损益后的加权平均净资产收益率（%）,7,summary,主要财务指标
600094,大名城,扣非加权平均净资产收益率,2024,-20.68,扣除非经常性损益后的加权平均净资产收益率（%）,7,summary,主要财务指标
600094,大名城,扣非加权平均净资产收益率,2023,1.88,扣除非经常性损益后的加权平均净资产收益率（%）,7,summary,主要财务指标
600094,大名城,扣非归母净利润,2025,140282278.09,归属于上市公司股东的扣除非经常性损益的净利润,7,summary,主要会计数据
600094,大名城,扣非归母净利润,2023,233898423.4,归属于上市公司股东的扣除非经常性损益的净利润,7,summary,主要会计数据
600094,大名城,稀释每股收益,2025,0.06,稀释每股收益（元／股）,7,summary,主要财务指标
600094,大名城,稀释每股收益,2024,-1,稀释每股收益（元／股）,7,summary,主要财务指标
600094,大名城,稀释每股收益,2023,0.0899,稀释每股收益（元／股）,7,summary,主要财务指标
600094,大名城,经营活动现金流量净额,2025,648795247.52,经营活动产生的现金流量净额,7,summary,主要会计数据
600094,大名城,经营活动现金流量净额,2024,22343560.47,经营活动产生的现金流量净额,7,summary,主要会计数据
600094,大名城,经营活动现金流量净额,2023,1648494574.77,经营活动产生的现金流量净额,7,summary,主要会计数据
600094,大名城,营业收入,2025,2246548569.51,营业收入,7,summary,主要会计数据
600094,大名城,营业收入,2024,4170683018.28,营业收入,7,summary,主要会计数据
600094,大名城,营业收入,2023,11695484376.75,营业收入,7,summary,主要会计数据
600095,湘财股份,净利润,2025,461551430.51,净利润,218,statement,
600095,湘财股份,利润总额,2025,651515918.34,利润总额,6,summary,主要会计数据
600095,湘财股份,利润总额,2024,168975325.58,利润总额,6,summary,主要会计数据
600095,湘财股份,利润总额,2023,188600602.81,利润总额,6,summary,主要会计数据
600095,湘财股份,加权平均净资产收益率,2025,3.8562,加权平均净资产收益率（%）,7,summary,主要财务指标
600095,湘财股份,加权平均净资产收益率,2024,0.9223,加权平均净资产收益率（%）,7,summary,主要财务指标
600095,湘财股份,加权平均净资产收益率,2023,1.0068,加权平均净资产收益率（%）,7,summary,主要财务指标
600095,湘财股份,基本每股收益,2025,0.1629,基本每股收益（元／股）,7,summary,主要财务指标
600095,湘财股份,基本每股收益,2024,0.0382,基本每股收益（元／股）,7,summary,主要财务指标
600095,湘财股份,基本每股收益,2023,0.0418,基本每股收益（元／股）,7,summary,主要财务指标
600095,湘财股份,归母净利润,2025,464125694.21,归属于上市公司股东的净利润,6,summary,主要会计数据
600095,湘财股份,归母净利润,2024,109167671.16,归属于上市公司股东的净利润,6,summary,主要会计数据
600095,湘财股份,归母净利润,2023,119420331.36,归属于上市公司股东的净利润,6,summary,主要会计数据
600095,湘财股份,归母净资产,2025,12259583545.52,归属于上市公司股东的净资产,6,summary,主要会计数据
600095,湘财股份,归母净资产,2024,11823145632.38,归属于上市公司股东的净资产,6,summary,主要会计数据
600095,湘财股份,归母净资产,2023,11876016400.59,归属于上市公司股东的净资产,6,summary,主要会计数据
600095,湘财股份,总资产,2025,43951979188.9,总资产,6,summary,主要会计数据
600095,湘财股份,总资产,2024,38559887736.68,总资产,6,summary,主要会计数据
600095,湘财股份,总资产,2023,33041353328.97,总资产,6,summary,主要会计数据
600095,湘财股份,扣非加权平均净资产收益率,2025,3.4143,扣除非经常性损益后的加权平均净资产收益率（%）,7,summary,主要财务指标
600095,湘财股份,扣非加权平均净资产收益率,2024,1.9202,扣除非经常性损益后的加权平均净资产收益率（%）,7,summary,主要财务指标
600095,湘财股份,扣非加权平均净资产收益率,2023,0.7576,扣除非经常性损益后的加权平均净资产收益率（%）,7,summary,主要财务指标
600095,湘财股份,扣非归母净利润,2025,410936668.39,归属于上市公司股东的扣除非经常性损益的净利润,103,summary,主要会计数据
600095,湘财股份,扣非归母净利润,2024,227278476.07,归属于上市公司股东的扣除非经常性损益的净利润,103,summary,主要会计数据
600095,湘财股份,扣非归母净利润,2023,89863357.98,归属于上市公司股东的扣除非经常性损益的净利润,6,summary,主要会计数据
600095,湘财股份,稀释每股收益,2025,0.1629,稀释每股收益（元／股）,7,summary,主要财务指标
600095,湘财股份,稀释每股收益,2024,0.0382,稀释每股收益（元／股）,7,summary,主要财务指标
600095,湘财股份,稀释每股收益,2023,0.0418,稀释每股收益（元／股）,7,summary,主要财务指标
600095,湘财股份,经营活动现金流量净额,2025,1644411199.11,经营活动产生的现金流量净额,6,summary,主要会计数据
600095,湘财股份,经营活动现金流量净额,2024,5809869389.38,经营活动产生的现金流量净额,6,summary,主要会计数据
600095,湘财股份,经营活动现金流量净额,2023,-1414375963.61,经营活动产生的现金流量净额,6,summary,主要会计数据
600095,湘财股份,营业收入,2025,299339580.62,营业收入,6,summary,主要会计数据
600095,湘财股份,营业收入,2024,437741061.16,营业收入,6,summary,主要会计数据
600095,湘财股份,营业收入,2023,578743544.26,营业收入,6,summary,主要会计数据
600096,云天化,净利润,2025,5497710564.3,净利润,220,statement,
600096,云天化,利润总额,2025,6495196443.95,利润总额,6,summary,主要会计数据
600096,云天化,加权平均净资产收益率,2025,21.87,加权平均净资产收益率（%）,6,summary,主要财务指标
600096,云天化,基本每股收益,2025,2.8283,基本每股收益（元/股）,6,summary,主要财务指标
600096,云天化,归母净利润,2025,5156043643.98,归属于上市公司股东的净利润,6,summary,主要会计数据
600096,云天化,归母净资产,2025,24581339135.02,归属于上市公司股东的净资产,6,summary,主要会计数据
600096,云天化,总资产,2025,50342468471.93,总资产,6,summary,主要会计数据
600096,云天化,扣非加权平均净资产收益率,2025,21.23,扣除非经常性损益后的加权平均净资产收益率（%）,6,summary,主要财务指标
600096,云天化,扣非归母净利润,2025,5006770069.17,归属于上市公司股东的扣除非经常性损益的净利润,6,summary,主要会计数据
600096,云天化,稀释每股收益,2025,2.8283,稀释每股收益（元／股）,6,summary,主要财务指标
600096,云天化,经营活动现金流量净额,2025,9087217375.51,经营活动产生的现金流量净额,6,summary,主要会计数据
600096,云天化,营业收入,2025,48414923741.78,营业收入,6,summary,主要会计数据
600097,开创国际,净利润,2025,78048488.67,净利润,129,statement,
600097,开创国际,利润总额,2025,81254877.27,利润总额,6,summary,主要会计数据
600097,开创国际,利润总额,2024,79359379.1,利润总额,6,summary,主要会计数据
600097,开创国际,利润总额,2023,167359424.09,利润总额,6,summary,主要会计数据
600097,开创国际,加权平均净资产收益率,2025,3.24,加权平均净资产收益率（%）,6,summary,主要财务指标
600097,开创国际,加权平均净资产收益率,2024,2.67,加权平均净资产收益率（%）,6,summary,主要财务指标
600097,开创国际,加权平均净资产收益率,2023,6.74,加权平均净资产收益率（%）,6,summary,主要财务指标
600097,开创国际,基本每股收益,2025,0.31,基本每股收益（元/股）,6,summary,主要财务指标
600097,开创国际,基本每股收益,2024,0.25,基本每股收益（元/股）,6,summary,主要财务指标
600097,开创国际,基本每股收益,2023,0.62,基本每股收益（元/股）,6,summary,主要财务指标
600097,开创国际,归母净利润,2025,73894019.42,归属于上市公司股东的净利润,6,summary,主要会计数据
600097,开创国际,归母净利润,2024,61190936.77,归属于上市公司股东的净利润,6,summary,主要会计数据
600097,开创国际,归母净利润,2023,148363220.94,归属于上市公司股东的净利润,6,summary,主要会计数据
600097,开创国际,归母净资产,2025,2319151944.42,归属于上市公司股东的净资产,6,summary,主要会计数据
600097,开创国际,归母净资产,2024,2242412195.88,归属于上市公司股东的净资产,6,summary,主要会计数据
600097,开创国际,归母净资产,2023,2242263093.51,归属于上市公司股东的净资产,6,summary,主要会计数据
600097,开创国际,总资产,2025,3430891629.87,总资产,6,summary,主要会计数据
600097,开创国际,总资产,2024,3348883475.86,总资产,6,summary,主要会计数据
600097,开创国际,总资产,2023,3402941792.06,总资产,6,summary,主要会计数据
600097,开创国际,扣非加权平均净资产收益率,2025,3.04,扣除非经常性损益后的加权平均净资产收益率（%),6,summary,主要财务指标
600097,开创国际,扣非加权平均净资产收益率,2024,2.6,扣除非经常性损益后的加权平均净资产收益率（%),6,summary,主要财务指标
600097,开创国际,扣非加权平均净资产收益率,2023,4.43,扣除非经常性损益后的加权平均净资产收益率（%),6,summary,主要财务指标
600097,开创国际,扣非归母净利润,2025,69249173.69,归属于上市公司股东的扣除非经常性损益的净利润,6,summary,主要会计数据
600097,开创国际,扣非归母净利润,2024,59722936.91,归属于上市公司股东的扣除非经常性损益的净利润,6,summary,主要会计数据
600097,开创国际,扣非归母净利润,2023,97410626.57,归属于上市公司股东的扣除非经常性损益的净利润,6,summary,主要会计数据
600097,开创国际,稀释每股收益,2025,0.31,稀释每股收益（元/股）,6,summary,主要财务指标
600097,开创国际,稀释每股收益,2024,0.25,稀释每股收益（元/股）,6,summary,主要财务指标
600097,开创国际,稀释每股收益,2023,0.62,稀释每股收益（元/股）,6,summary,主要财务指标
600097,开创国际,经营活动现金流量净额,2025,167990623.18,经营活动产生的现金流量净额,6,summary,主要会计数据
600097,开创国际,经营活动现金流量净额,2024,335334342.35,经营活动产生的现金流量净额,6,summary,主要会计数据
600097,开创国际,经营活动现金流量净额,2023,107416745.32,经营活动产生的现金流量净额,6,summary,主要会计数据
600097,开创国际,营业收入,2025,2315558903.89,营业收入,6,statement,
600097,开创国际,营业收入,2024,2315558903.89,营业收入,6,summary,主要会计数据
600097,开创国际,营业收入,2023,2014553819.25,营业收入,6,summary,主要会计数据
600098,广州发展,净利润,2025,2479773837.97,净利润,204,statement,
600098,广州发展,利润总额,2024,2384046238.19,利润总额,7,summary,主要会计数据
600098,广州发展,利润总额,2023,2317060570.31,利润总额,7,summary,主要会计数据
600098,广州发展,加权平均净资产收益率,2025,8.6069,加权平均净资产收益率（%）,7,summary,主要财务指标
600098,广州发展,加权平均净资产收益率,2024,6.647,加权平均净资产收益率（%）,7,summary,主要财务指标
600098,广州发展,加权平均净资产收益率,2023,6.6236,加权平均净资产收益率（%）,7,summary,主要财务指标
600098,广州发展,基本每股收益,2025,0.6626,基本每股收益（元/股）,7,summary,主要财务指标
600098,广州发展,基本每股收益,2024,0.4953,基本每股收益（元/股）,7,summary,主要财务指标
600098,广州发展,基本每股收益,2023,0.4694,基本每股收益（元/股）,7,summary,主要财务指标
600098,广州发展,归母净利润,2025,2319437070.79,归属于上市公司股东的净利润,7,summary,主要会计数据
600098,广州发展,归母净利润,2024,1731802481.37,归属于上市公司股东的净利润,7,summary,主要会计数据
600098,广州发展,归母净利润,2023,1637917641.83,归属于上市公司股东的净利润,7,summary,主要会计数据
600098,广州发展,归母净资产,2025,27194211265.61,归属于上市公司股东的净资产,7,summary,主要会计数据
600098,广州发展,归母净资产,2023,25333482221.57,归属于上市公司股东的净资产,7,summary,主要会计数据
600098,广州发展,总资产,2025,82695505159.82,总资产,7,summary,主要会计数据
600098,广州发展,总资产,2024,76503034624.8,总资产,7,summary,主要会计数据
600098,广州发展,总资产,2023,74014050570.08,总资产,7,summary,主要会计数据
600098,广州发展,扣非加权平均净资产收益率,2025,3.9119,扣除非经常性损益后的加权平均净资产收益率（%）,7,summary,主要财务指标
600098,广州发展,扣非加权平均净资产收益率,2024,6.252,扣除非经常性损益后的加权平均净资产收益率（%）,7,summary,主要财务指标
600098,广州发展,扣非加权平均净资产收益率,2023,6.336,扣除非经常性损益后的加权平均净资产收益率（%）,7,summary,主要财务指标
600098,广州发展,扣非归母净利润,2025,1054190938.19,归属于上市公司股东的扣除非经常性损益的净利润,7,summary,主要会计数据
600098,广州发展,扣非归母净利润,2023,1566800142.09,归属于上市公司股东的扣除非经常性损益的净利润,7,summary,主要会计数据
600098,广州发展,稀释每股收益,2025,0.6626,稀释每股收益（元／股）,7,summary,主要财务指标
600098,广州发展,稀释每股收益,2024,0.4953,稀释每股收益（元／股）,7,summary,主要财务指标
600098,广州发展,稀释每股收益,2023,0.4694,稀释每股收益（元／股）,7,summary,主要财务指标
600098,广州发展,经营活动现金流量净额,2025,5621009168.63,经营活动产生的现金流量净额,7,summary,主要会计数据
600098,广州发展,经营活动现金流量净额,2024,4509971931.61,经营活动产生的现金流量净额,7,summary,主要会计数据
600098,广州发展,经营活动现金流量净额,2023,2863036540.24,经营活动产生的现金流量净额,7,summary,主要会计数据
600098,广州发展,营业收入,2025,50841626989.35,营业收入,7,summary,主要会计数据
600098,广州发展,营业收入,2024,48270663046.07,营业收入,7,summary,主要会计数据
600098,广州发展,营业收入,2023,46754699285.32,营业收入,7,summary,主要会计数据
600099,林海股份,净利润,2025,24552718.7,净利润,161,statement,
600099,林海股份,利润总额,2025,27569054.89,利润总额,5,summary,主要会计数据
600099,林海股份,利润总额,2024,20597395.74,利润总额,5,summary,主要会计数据
600099,林海股份,利润总额,2023,11930872.54,利润总额,5,summary,主要会计数据
600099,林海股份,加权平均净资产收益率,2025,4.58,加权平均净资产收益率（%）,6,summary,主要财务指标
600099,林海股份,加权平均净资产收益率,2024,3.56,加权平均净资产收益率（%）,6,summary,主要财务指标
600099,林海股份,加权平均净资产收益率,2023,2.63,加权平均净资产收益率（%）,6,summary,主要财务指标
600099,林海股份,基本每股收益,2025,0.112,基本每股收益（元／股）,6,summary,主要财务指标
600099,林海股份,基本每股收益,2024,0.084,基本每股收益（元／股）,6,summary,主要财务指标
600099,林海股份,基本每股收益,2023,0.061,基本每股收益（元／股）,6,summary,主要财务指标
600099,林海股份,归母净利润,2025,24552718.7,归属于上市公司股东的净利润,5,summary,主要会计数据
600099,林海股份,归母净利润,2024,18427900.3,归属于上市公司股东的净利润,5,summary,主要会计数据
600099,林海股份,归母净利润,2023,13312020.21,归属于上市公司股东的净利润,5,summary,主要会计数据
600099,林海股份,归母净资产,2025,546367458,归属于上市公司股东的净资产,5,summary,主要会计数据
600099,林海股份,归母净资产,2024,524857378.2,归属于上市公司股东的净资产,5,summary,主要会计数据
600099,林海股份,归母净资产,2023,509716970.37,归属于上市公司股东的净资产,5,summary,主要会计数据
600099,林海股份,总资产,2025,1031205356.64,资产总计,65,statement,
600099,林海股份,总资产,2024,1031205356.64,总资产,5,summary,主要会计数据
600099,林海股份,总资产,2023,847406671.71,总资产,5,summary,主要会计数据
600099,林海股份,扣非加权平均净资产收益率,2025,4.05,扣除非经常性损益后的加权平均净资产收益率（%）,6,summary,主要财务指标
600099,林海股份,扣非加权平均净资产收益率,2024,2.85,扣除非经常性损益后的加权平均净资产收益率（%）,6,summary,主要财务指标
600099,林海股份,扣非加权平均净资产收益率,2023,1.9,扣除非经常性损益后的加权平均净资产收益率（%）,6,summary,主要财务指标
600099,林海股份,扣非归母净利润,2025,21676693.13,归属于上市公司股东的扣除非经常性损益的净利润,5,summary,主要会计数据
600099,林海股份,扣非归母净利润,2024,14746267.93,归属于上市公司股东的扣除非经常性损益的净利润,5,summary,主要会计数据
600099,林海股份,扣非归母净利润,2023,9629537,归属于上市公司股东的扣除非经常性损益的净利润,5,summary,主要会计数据
600099,林海股份,稀释每股收益,2025,0.112,稀释每股收益（元/股）,6,summary,主要财务指标
600099,林海股份,稀释每股收益,2024,0.084,稀释每股收益（元/股）,6,summary,主要财务指标
600099,林海股份,稀释每股收益,2023,0.061,稀释每股收益（元/股）,6,summary,主要财务指标
600099,林海股份,经营活动现金流量净额,2025,126612952.37,经营活动产生的现金流量净额,5,summary,主要会计数据
600099,林海股份,经营活动现金流量净额,2024,117379128.09,经营活动产生的现金流量净额,5,summary,主要会计数据
600099,林海股份,经营活动现金流量净额,2023,156031879.88,经营活动产生的现金流量净额,5,summary,主要会计数据
600099,林海股份,营业收入,2025,7.66,营业收入,5,statement,
600099,林海股份,营业收入,2023,694807559.13,营业收入,5,summary,主要会计数据
600100,同方股份,净利润,2025,290043464.44,净利润,183,statement,
600100,同方股份,利润总额,2025,371981527.34,利润总额,8,summary,主要会计数据
600100,同方股份,利润总额,2023,-741223483.43,利润总额,8,summary,主要会计数据
600100,同方股份,加权平均净资产收益率,2025,3.02,加权平均净资产收益率（%）,8,summary,主要财务指标
600100,同方股份,加权平均净资产收益率,2023,-5.24,加权平均净资产收益率（%）,8,summary,主要财务指标
600100,同方股份,基本每股收益,2025,0.1477,基本每股收益（元／股）,8,summary,主要财务指标
600100,同方股份,基本每股收益,2023,-0.2283,基本每股收益（元／股）,8,summary,主要财务指标
600100,同方股份,归母净利润,2025,495005722.72,归属于上市公司股东的净利润,8,summary,主要会计数据
600100,同方股份,归母净利润,2023,-764913415.18,归属于上市公司股东的净利润,8,summary,主要会计数据
600100,同方股份,归母净资产,2025,16108148745.52,归属于上市公司股东的净资产,8,summary,主要会计数据
600100,同方股份,归母净资产,2023,14268090782.2,归属于上市公司股东的净资产,8,summary,主要会计数据
600100,同方股份,总资产,2025,49203612780.78,总资产,8,summary,主要会计数据
600100,同方股份,总资产,2023,55084457293.75,总资产,8,summary,主要会计数据
600100,同方股份,扣非加权平均净资产收益率,2025,1.75,扣除非经常性损益后的加权平均净资产收益率（%）,8,summary,主要财务指标
600100,同方股份,扣非加权平均净资产收益率,2023,-7.07,扣除非经常性损益后的加权平均净资产收益率（%）,8,summary,主要财务指标
600100,同方股份,扣非归母净利润,2025,287758984.69,归属于上市公司股东的扣除非经常性损益的净利润,8,summary,主要会计数据
600100,同方股份,扣非归母净利润,2023,-1031937465.07,归属于上市公司股东的扣除非经常性损益的净利润,8,summary,主要会计数据
600100,同方股份,稀释每股收益,2025,0.1477,稀释每股收益（元／股）,8,summary,主要财务指标
600100,同方股份,稀释每股收益,2023,-0.2283,稀释每股收益（元／股）,8,summary,主要财务指标
600100,同方股份,经营活动现金流量净额,2025,1417296493.89,经营活动产生的现金流量净额,8,summary,主要会计数据
600100,同方股份,经营活动现金流量净额,2023,145113490.49,经营活动产生的现金流量净额,8,summary,主要会计数据
600100,同方股份,营业收入,2025,15064892096.09,营业收入,8,summary,主要会计数据
600100,同方股份,营业收入,2023,28833463784.14,营业收入,8,summary,主要会计数据
600101,明星电力,净利润,2025,184150671.02,净利润,212,statement,
600101,明星电力,利润总额,2025,224614215.26,利润总额,7,summary,主要会计数据
600101,明星电力,利润总额,2024,220332594.61,利润总额,7,summary,主要会计数据
600101,明星电力,利润总额,2023,215597922.02,利润总额,7,summary,主要会计数据
600101,明星电力,加权平均净资产收益率,2025,6.03,加权平均净资产收益率（%）,8,summary,主要财务指标
600101,明星电力,加权平均净资产收益率,2024,7.21,加权平均净资产收益率（%）,8,summary,主要财务指标
600101,明星电力,加权平均净资产收益率,2023,6.55,加权平均净资产收益率（%）,8,summary,主要财务指标
600101,明星电力,基本每股收益,2025,0.3361,基本每股收益（元/股）,8,summary,主要财务指标
600101,明星电力,基本每股收益,2024,0.3821,基本每股收益（元/股）,8,summary,主要财务指标
600101,明星电力,基本每股收益,2023,0.3273,基本每股收益（元/股）,8,summary,主要财务指标
600101,明星电力,归母净利润,2025,184150671.02,归属于上市公司股东的净利润,7,summary,主要会计数据
600101,明星电力,归母净利润,2024,209316391.95,归属于上市公司股东的净利润,7,summary,主要会计数据
600101,明星电力,归母净利润,2023,179338571.88,归属于上市公司股东的净利润,7,summary,主要会计数据
600101,明星电力,归母净资产,2025,3084842563.89,归属于上市公司股东的净资产,7,summary,主要会计数据
600101,明星电力,归母净资产,2024,2993886516.09,归属于上市公司股东的净资产,7,summary,主要会计数据
600101,明星电力,归母净资产,2023,2818782021.5,归属于上市公司股东的净资产,7,summary,主要会计数据
600101,明星电力,总资产,2025,4116858275.63,总资产,7,summary,主要会计数据
600101,明星电力,总资产,2024,4105767592.67,总资产,7,summary,主要会计数据
600101,明星电力,总资产,2023,3894611438.41,总资产,7,summary,主要会计数据
600101,明星电力,扣非加权平均净资产收益率,2025,5.98,扣除非经常性损益后的加权平均净资产收益率（%）,8,summary,主要财务指标
600101,明星电力,扣非加权平均净资产收益率,2024,6.44,扣除非经常性损益后的加权平均净资产收益率（%）,8,summary,主要财务指标
600101,明星电力,扣非加权平均净资产收益率,2023,5.54,扣除非经常性损益后的加权平均净资产收益率（%）,8,summary,主要财务指标
600101,明星电力,扣非归母净利润,2025,182453363.93,归属于上市公司股东的扣除非经常性损益的净利润,7,summary,主要会计数据
600101,明星电力,扣非归母净利润,2024,187023529.95,归属于上市公司股东的扣除非经常性损益的净利润,7,summary,主要会计数据
600101,明星电力,扣非归母净利润,2023,151655744.38,归属于上市公司股东的扣除非经常性损益的净利润,7,summary,主要会计数据
600101,明星电力,稀释每股收益,2025,0.3361,稀释每股收益（元/股）,8,summary,主要财务指标
600101,明星电力,稀释每股收益,2024,0.3821,稀释每股收益（元/股）,8,summary,主要财务指标
600101,明星电力,稀释每股收益,2023,0.3273,稀释每股收益（元/股）,8,summary,主要财务指标
600101,明星电力,经营活动现金流量净额,2025,219691715.61,经营活动产生的现金流量净额,7,summary,主要会计数据
600101,明星电力,经营活动现金流量净额,2024,324934427.63,经营活动产生的现金流量净额,7,summary,主要会计数据
600101,明星电力,经营活动现金流量净额,2023,312239033.04,经营活动产生的现金流量净额,7,summary,主要会计数据
600101,明星电力,营业收入,2025,3021200133.31,营业收入,7,summary,主要会计数据
600101,明星电力,营业收入,2024,2842326535.85,营业收入,7,summary,主要会计数据
600101,明星电力,营业收入,2023,2666271867,营业收入,7,summary,主要会计数据
600103,青山纸业,净利润,2025,73328806.06,净利润,181,statement,
600103,青山纸业,利润总额,2025,90445393.32,利润总额,6,summary,主要会计数据
600103,青山纸业,利润总额,2024,121024975.34,利润总额,6,summary,主要会计数据
600103,青山纸业,利润总额,2023,145672050.46,利润总额,6,summary,主要会计数据
600103,青山纸业,加权平均净资产收益率,2025,1.39,加权平均净资产收益率（%）,7,summary,主要财务指标
600103,青山纸业,加权平均净资产收益率,2024,2.17,加权平均净资产收益率（%）,7,summary,主要财务指标
600103,青山纸业,加权平均净资产收益率,2023,3.16,加权平均净资产收益率（%）,7,summary,主要财务指标
600103,青山纸业,基本每股收益,2025,0.0247,基本每股收益（元/股）,7,summary,主要财务指标
600103,青山纸业,基本每股收益,2024,0.0381,基本每股收益（元/股）,7,summary,主要财务指标
600103,青山纸业,基本每股收益,2023,0.0551,基本每股收益（元/股）,7,summary,主要财务指标
600103,青山纸业,归母净利润,2025,54684226.42,归属于上市公司股东的净利润,6,summary,主要会计数据
600103,青山纸业,归母净利润,2024,84751597.66,归属于上市公司股东的净利润,6,summary,主要会计数据
600103,青山纸业,归母净利润,2023,121902491.47,归属于上市公司股东的净利润,6,summary,主要会计数据
600103,青山纸业,归母净资产,2025,3960831004.41,归属于上市公司股东的净资产,6,summary,主要会计数据
600103,青山纸业,归母净资产,2024,3929834064.91,归属于上市公司股东的净资产,6,summary,主要会计数据
600103,青山纸业,归母净资产,2023,3875531687.45,归属于上市公司股东的净资产,6,summary,主要会计数据
600103,青山纸业,总资产,2024,6369720116.09,总资产,6,summary,主要会计数据
600103,青山纸业,总资产,2023,6167016439.05,总资产,6,summary,主要会计数据
600103,青山纸业,扣非加权平均净资产收益率,2025,0.34,扣除非经常性损益后的加权平均净资产收益率（%）,7,summary,主要财务指标
600103,青山纸业,扣非加权平均净资产收益率,2024,1.17,扣除非经常性损益后的加权平均净资产收益率（%）,7,summary,主要财务指标
600103,青山纸业,扣非加权平均净资产收益率,2023,1.9,扣除非经常性损益后的加权平均净资产收益率（%）,7,summary,主要财务指标
600103,青山纸业,扣非归母净利润,2025,13579278.02,归属于上市公司股东的扣除非经常性损益的净利润,6,summary,主要会计数据
600103,青山纸业,扣非归母净利润,2024,45754152.64,归属于上市公司股东的扣除非经常性损益的净利润,6,summary,主要会计数据
600103,青山纸业,扣非归母净利润,2023,73424943.83,归属于上市公司股东的扣除非经常性损益的净利润,6,summary,主要会计数据
600103,青山纸业,稀释每股收益,2025,0.0247,稀释每股收益（元／股）,7,summary,主要财务指标
600103,青山纸业,稀释每股收益,2024,0.0383,稀释每股收益（元／股）,7,summary,主要财务指标
600103,青山纸业,稀释每股收益,2023,0.0551,稀释每股收益（元／股）,7,summary,主要财务指标
600103,青山纸业,经营活动现金流量净额,2025,136419367.57,经营活动产生的现金流量净额,6,summary,主要会计数据
600103,青山纸业,经营活动现金流量净额,2024,416728093.41,经营活动产生的现金流量净额,6,summary,主要会计数据
600103,青山纸业,经营活动现金流量净额,2023,655564136.67,经营活动产生的现金流量净额,6,summary,主要会计数据
600103,青山纸业,营业收入,2025,2418990221.17,营业收入,6,summary,主要会计数据
600103,青山纸业,营业收入,2024,2600396782.74,营业收入,6,summary,主要会计数据
600103,青山纸业,营业收入,2023,2672851593.72,营业收入,6,summary,主要会计数据
600104,上汽集团,净利润,2025,17443923842.46,净利润,162,statement,
600104,上汽集团,利润总额,2025,24909009484.08,利润总额,5,summary,主要会计数据
600104,上汽集团,利润总额,2024,10511115792.49,利润总额,5,summary,主要会计数据
600104,上汽集团,利润总额,2023,25973282531.85,利润总额,5,summary,主要会计数据
600104,上汽集团,加权平均净资产收益率,2025,3.43,加权平均净资产收益率（%）,6,summary,主要财务指标
600104,上汽集团,加权平均净资产收益率,2024,0.58,加权平均净资产收益率（%）,6,summary,主要财务指标
600104,上汽集团,加权平均净资产收益率,2023,4.98,加权平均净资产收益率（%）,6,summary,主要财务指标
600104,上汽集团,基本每股收益,2025,0.885,基本每股收益（元/股）,6,summary,主要财务指标
600104,上汽集团,基本每股收益,2024,0.145,基本每股收益（元/股）,6,summary,主要财务指标
600104,上汽集团,基本每股收益,2023,1.226,基本每股收益（元/股）,6,summary,主要财务指标
600104,上汽集团,归母净利润,2025,10105800270.34,归属于上市公司股东的净利润,5,summary,主要会计数据
600104,上汽集团,归母净利润,2024,1666376761.07,归属于上市公司股东的净利润,5,summary,主要会计数据
600104,上汽集团,归母净利润,2023,14106165142.98,归属于上市公司股东的净利润,5,summary,主要会计数据
600104,上汽集团,归母净资产,2025,298812278173.08,归属于上市公司股东的净资产,5,summary,主要会计数据
600104,上汽集团,归母净资产,2024,287840094973.12,归属于上市公司股东的净资产,5,summary,主要会计数据
600104,上汽集团,归母净资产,2023,286318745625.95,归属于上市公司股东的净资产,5,summary,主要会计数据
600104,上汽集团,总资产,2025,960207461450.6899,总资产,5,summary,主要会计数据
600104,上汽集团,总资产,2024,957143417731.6899,总资产,5,summary,主要会计数据
600104,上汽集团,总资产,2023,1006650278661.54,总资产,5,summary,主要会计数据
600104,上汽集团,扣非加权平均净资产收益率,2025,2.52,扣除非经常性损益后的加权平均净资产收益率（%）,6,summary,主要财务指标
600104,上汽集团,扣非加权平均净资产收益率,2024,-1.88,扣除非经常性损益后的加权平均净资产收益率（%）,6,summary,主要财务指标
600104,上汽集团,扣非加权平均净资产收益率,2023,3.55,扣除非经常性损益后的加权平均净资产收益率（%）,6,summary,主要财务指标
600104,上汽集团,扣非归母净利润,2025,7422891747.83,归属于上市公司股东的扣除非经常性损益的净利润,5,summary,主要会计数据
600104,上汽集团,扣非归母净利润,2024,-5409062450.09,归属于上市公司股东的扣除非经常性损益的净利润,5,summary,主要会计数据
600104,上汽集团,扣非归母净利润,2023,10044669854.9,归属于上市公司股东的扣除非经常性损益的净利润,5,summary,主要会计数据
600104,上汽集团,经营活动现金流量净额,2025,34306601905.98,经营活动产生的现金流量净额,5,summary,主要会计数据
600104,上汽集团,经营活动现金流量净额,2024,69267789561.24,经营活动产生的现金流量净额,5,summary,主要会计数据
600104,上汽集团,经营活动现金流量净额,2023,42334422535.36,经营活动产生的现金流量净额,5,summary,主要会计数据
600104,上汽集团,营业收入,2025,646152101889.3,营业收入,5,summary,主要会计数据
600104,上汽集团,营业收入,2024,614074061818.13,营业收入,5,summary,主要会计数据
600104,上汽集团,营业收入,2023,726199110369.74,营业收入,5,summary,主要会计数据
600105,永鼎股份,净利润,2025,208191636.34,净利润,208,statement,
600105,永鼎股份,利润总额,2025,218580472.72,利润总额,8,summary,主要会计数据
600105,永鼎股份,利润总额,2024,96773606.68,利润总额,8,summary,主要会计数据
600105,永鼎股份,利润总额,2023,115354372.47,利润总额,8,summary,主要会计数据
600105,永鼎股份,加权平均净资产收益率,2025,7.48,加权平均净资产收益率（%）,8,summary,主要财务指标
600105,永鼎股份,加权平均净资产收益率,2024,2.16,加权平均净资产收益率（%）,8,summary,主要财务指标
600105,永鼎股份,加权平均净资产收益率,2023,1.53,加权平均净资产收益率（%）,8,summary,主要财务指标
600105,永鼎股份,基本每股收益,2025,0.1598,基本每股收益（元／股）,8,summary,主要财务指标
600105,永鼎股份,基本每股收益,2024,0.0438,基本每股收益（元／股）,8,summary,主要财务指标
600105,永鼎股份,基本每股收益,2023,0.0308,基本每股收益（元／股）,8,summary,主要财务指标
600105,永鼎股份,归母净利润,2025,233640658.03,归属于上市公司股东的净利润,8,summary,主要会计数据
600105,永鼎股份,归母净利润,2024,61414492.33,归属于上市公司股东的净利润,8,summary,主要会计数据
600105,永鼎股份,归母净利润,2023,43250293.83,归属于上市公司股东的净利润,8,summary,主要会计数据
600105,永鼎股份,归母净资产,2025,3177210536.92,归属于上市公司股东的净资产,8,summary,主要会计数据
600105,永鼎股份,归母净资产,2024,3097893940.96,归属于上市公司股东的净资产,8,summary,主要会计数据
600105,永鼎股份,归母净资产,2023,2813950284.93,归属于上市公司股东的净资产,8,summary,主要会计数据
600105,永鼎股份,总资产,2025,9082595670.49,总资产,8,summary,主要会计数据
600105,永鼎股份,总资产,2024,8212411822.93,总资产,8,summary,主要会计数据
600105,永鼎股份,总资产,2023,8388512400.8,总资产,8,summary,主要会计数据
600105,永鼎股份,扣非加权平均净资产收益率,2025,7.26,扣除非经常性损益后的加权平均净资产收益率（%）,8,summary,主要财务指标
600105,永鼎股份,扣非加权平均净资产收益率,2024,1.6,扣除非经常性损益后的加权平均净资产收益率（%）,8,summary,主要财务指标
600105,永鼎股份,扣非加权平均净资产收益率,2023,0.24,扣除非经常性损益后的加权平均净资产收益率（%）,8,summary,主要财务指标
600105,永鼎股份,扣非归母净利润,2025,226870677.59,归属于上市公司股东的扣除非经常性损益的净利润,8,summary,主要会计数据
600105,永鼎股份,扣非归母净利润,2024,45500262.76,归属于上市公司股东的扣除非经常性损益的净利润,8,summary,主要会计数据
600105,永鼎股份,扣非归母净利润,2023,6821352.63,归属于上市公司股东的扣除非经常性损益的净利润,8,summary,主要会计数据
600105,永鼎股份,稀释每股收益,2025,0.1598,稀释每股收益（元／股）,8,summary,主要财务指标
600105,永鼎股份,稀释每股收益,2024,0.0438,稀释每股收益（元／股）,8,summary,主要财务指标
600105,永鼎股份,稀释每股收益,2023,0.0308,稀释每股收益（元／股）,8,summary,主要财务指标
600105,永鼎股份,经营活动现金流量净额,2025,311615210.92,经营活动产生的现金流量净额,8,summary,主要会计数据
600105,永鼎股份,经营活动现金流量净额,2024,-335976294.17,经营活动产生的现金流量净额,8,summary,主要会计数据
600105,永鼎股份,经营活动现金流量净额,2023,287384075.41,经营活动产生的现金流量净额,8,summary,主要会计数据
600105,永鼎股份,营业收入,2025,5286822892.02,营业收入,8,summary,主要会计数据
600105,永鼎股份,营业收入,2024,4111160835.95,营业收入,8,summary,主要会计数据
600105,永鼎股份,营业收入,2023,4345055940.19,营业收入,8,summary,主要会计数据
600106,重庆路桥,净利润,2025,114007110.63,净利润,155,statement,
600106,重庆路桥,利润总额,2025,161589158,利润总额,6,summary,主要会计数据
600106,重庆路桥,利润总额,2024,173401684.83,利润总额,6,summary,主要会计数据
600106,重庆路桥,利润总额,2023,230559942.39,利润总额,6,summary,主要会计数据
600106,重庆路桥,加权平均净资产收益率,2025,2.2,加权平均净资产收益率（%）,6,summary,主要财务指标
600106,重庆路桥,加权平均净资产收益率,2024,3.24,加权平均净资产收益率（%）,6,summary,主要财务指标
600106,重庆路桥,加权平均净资产收益率,2023,4.63,加权平均净资产收益率（%）,6,summary,主要财务指标
600106,重庆路桥,基本每股收益,2025,0.09,基本每股收益（元/股）,6,summary,主要财务指标
600106,重庆路桥,基本每股收益,2024,0.12,基本每股收益（元/股）,6,summary,主要财务指标
600106,重庆路桥,基本每股收益,2023,0.16,基本每股收益（元/股）,6,summary,主要财务指标
600106,重庆路桥,归母净利润,2025,114007110.63,归属于上市公司股东的净利润,6,summary,主要会计数据
600106,重庆路桥,归母净利润,2024,157451143.99,归属于上市公司股东的净利润,6,summary,主要会计数据
600106,重庆路桥,归母净利润,2023,211472018,归属于上市公司股东的净利润,6,summary,主要会计数据
600106,重庆路桥,总资产,2025,7063500682.09,总资产,6,summary,主要会计数据
600106,重庆路桥,总资产,2024,7060921766.1,总资产,6,summary,主要会计数据
600106,重庆路桥,扣非加权平均净资产收益率,2025,2.32,扣除非经常性损益后的加权平均净资产收益率（%）,6,summary,主要财务指标
600106,重庆路桥,扣非加权平均净资产收益率,2024,2.86,扣除非经常性损益后的加权平均净资产收益率（%）,6,summary,主要财务指标
600106,重庆路桥,扣非加权平均净资产收益率,2023,3.85,扣除非经常性损益后的加权平均净资产收益率（%）,6,summary,主要财务指标
600106,重庆路桥,扣非归母净利润,2025,119962701.01,归属于上市公司股东的扣除非经常性损益的净利润,6,summary,主要会计数据
600106,重庆路桥,扣非归母净利润,2023,175776510.35,归属于上市公司股东的扣除非经常性损益的净利润,6,summary,主要会计数据
600106,重庆路桥,稀释每股收益,2025,0.09,稀释每股收益（元／股）,6,summary,主要财务指标
600106,重庆路桥,稀释每股收益,2024,0.12,稀释每股收益（元／股）,6,summary,主要财务指标
600106,重庆路桥,稀释每股收益,2023,0.16,稀释每股收益（元／股）,6,summary,主要财务指标
600106,重庆路桥,经营活动现金流量净额,2025,55136909.61,经营活动产生的现金流量净额,6,summary,主要会计数据
600106,重庆路桥,经营活动现金流量净额,2024,147653045.76,经营活动产生的现金流量净额,6,summary,主要会计数据
600106,重庆路桥,经营活动现金流量净额,2023,172531408.9,经营活动产生的现金流量净额,6,summary,主要会计数据
600106,重庆路桥,营业收入,2025,112893960.36,营业收入,6,summary,主要会计数据
600106,重庆路桥,营业收入,2024,113039142.27,营业收入,6,summary,主要会计数据
600106,重庆路桥,营业收入,2023,116727514.63,营业收入,6,summary,主要会计数据
600107,*ST尔雅,净利润,2025,-93425131.7,净利润,195,statement,
600107,*ST尔雅,利润总额,2025,-96516658.96,利润总额,6,summary,主要会计数据
600107,*ST尔雅,加权平均净资产收益率,2025,-19.9,加权平均净资产收益率(%),6,summary,主要财务指标
600107,*ST尔雅,基本每股收益,2025,-0.25,基本每股收益（元／股）,6,summary,主要财务指标
600107,*ST尔雅,归母净利润,2025,-89092646.6,归属于上市公司股东的净利润,6,summary,主要会计数据
600107,*ST尔雅,归母净资产,2025,401683133.32,归属于上市公司股东的净资产,6,summary,主要会计数据
600107,*ST尔雅,总资产,2025,748364760.06,总资产,6,summary,主要会计数据
600107,*ST尔雅,扣非加权平均净资产收益率,2025,-20.75,扣除非经常性损益后的加权平均净资产收益率（%）,6,summary,主要财务指标
600107,*ST尔雅,扣非归母净利润,2025,-92885739.92,归属于上市公司股东的扣除非经常性损益的净利润,6,summary,主要会计数据
600107,*ST尔雅,稀释每股收益,2025,-0.25,稀释每股收益（元／股）,6,summary,主要财务指标
600107,*ST尔雅,经营活动现金流量净额,2025,1254689.28,经营活动产生的现金流量净额,6,summary,主要会计数据
600107,*ST尔雅,营业收入,2025,236195000.11,营业收入,6,summary,主要会计数据
600108,亚盛集团,净利润,2025,57367181.89,净利润,111,statement,
600108,亚盛集团,利润总额,2025,62679048.32,利润总额,5,summary,主要会计数据
600108,亚盛集团,利润总额,2024,102870754.37,利润总额,5,summary,主要会计数据
600108,亚盛集团,利润总额,2023,105941058.98,利润总额,5,summary,主要会计数据
600108,亚盛集团,加权平均净资产收益率,2025,1.32,加权平均净资产收益率（%）,5,summary,主要财务指标
600108,亚盛集团,加权平均净资产收益率,2024,2.27,加权平均净资产收益率（%）,5,summary,主要财务指标
600108,亚盛集团,加权平均净资产收益率,2023,2.54,加权平均净资产收益率（%）,5,summary,主要财务指标
600108,亚盛集团,基本每股收益,2025,0.0292,基本每股收益（元/股）,5,summary,主要财务指标
600108,亚盛集团,基本每股收益,2024,0.0493,基本每股收益（元/股）,5,summary,主要财务指标
600108,亚盛集团,基本每股收益,2023,0.0536,基本每股收益（元/股）,5,summary,主要财务指标
600108,亚盛集团,归母净利润,2025,56933641.97,归属于上市公司股东的净利润,5,summary,主要会计数据
600108,亚盛集团,归母净利润,2024,96077590.02,归属于上市公司股东的净利润,5,summary,主要会计数据
600108,亚盛集团,归母净利润,2023,104433063,归属于上市公司股东的净利润,5,summary,主要会计数据
600108,亚盛集团,归母净资产,2025,4324609423.95,归属于上市公司股东的净资产,5,summary,主要会计数据
600108,亚盛集团,归母净资产,2024,4284360265.23,归属于上市公司股东的净资产,5,summary,主要会计数据
600108,亚盛集团,归母净资产,2023,4180621887.82,归属于上市公司股东的净资产,5,summary,主要会计数据
600108,亚盛集团,总资产,2025,9889476545.41,总资产,5,summary,主要会计数据
600108,亚盛集团,总资产,2024,9573884691.95,总资产,5,summary,主要会计数据
600108,亚盛集团,总资产,2023,8992934282.71,总资产,5,summary,主要会计数据
600108,亚盛集团,扣非加权平均净资产收益率,2025,0.16,扣除非经常性损益后的加权平均净资产收益率（%）,5,summary,主要财务指标
600108,亚盛集团,扣非加权平均净资产收益率,2024,1.09,扣除非经常性损益后的加权平均净资产收益率（%）,5,summary,主要财务指标
600108,亚盛集团,扣非加权平均净资产收益率,2023,1.21,扣除非经常性损益后的加权平均净资产收益率（%）,5,summary,主要财务指标
600108,亚盛集团,扣非归母净利润,2025,6789350.07,归属于上市公司股东的扣除非经常性损益的净利润,5,summary,主要会计数据
600108,亚盛集团,扣非归母净利润,2024,46212114.61,归属于上市公司股东的扣除非经常性损益的净利润,5,summary,主要会计数据
600108,亚盛集团,扣非归母净利润,2023,56247866.88,归属于上市公司股东的扣除非经常性损益的净利润,5,summary,主要会计数据
600108,亚盛集团,稀释每股收益,2025,0.0292,稀释每股收益（元／股）,5,summary,主要财务指标
600108,亚盛集团,稀释每股收益,2024,0.0493,稀释每股收益（元／股）,5,summary,主要财务指标
600108,亚盛集团,稀释每股收益,2023,0.0536,稀释每股收益（元／股）,5,summary,主要财务指标
600108,亚盛集团,经营活动现金流量净额,2025,149706096.26,经营活动产生的现金流量净额,5,summary,主要会计数据
600108,亚盛集团,经营活动现金流量净额,2024,123996478.76,经营活动产生的现金流量净额,5,summary,主要会计数据
600108,亚盛集团,经营活动现金流量净额,2023,159546616.58,经营活动产生的现金流量净额,5,summary,主要会计数据
600108,亚盛集团,营业收入,2025,4241548459.66,营业收入,5,summary,主要会计数据
600108,亚盛集团,营业收入,2024,4191787662.41,营业收入,5,summary,主要会计数据
600108,亚盛集团,营业收入,2023,4005115417.62,营业收入,5,summary,主要会计数据
600109,国金证券,净利润,2025,2290856273.42,净利润,220,statement,
600109,国金证券,利润总额,2025,2825259057.28,利润总额,10,summary,主要会计数据
600109,国金证券,利润总额,2024,2022884992.83,利润总额,10,summary,主要会计数据
600109,国金证券,利润总额,2023,2129649146.27,利润总额,10,summary,主要会计数据
600109,国金证券,加权平均净资产收益率,2025,6.58,加权平均净资产收益率（%）,11,summary,主要财务指标
600109,国金证券,加权平均净资产收益率,2024,5.04,加权平均净资产收益率（%）,11,summary,主要财务指标
600109,国金证券,加权平均净资产收益率,2023,5.39,加权平均净资产收益率（%）,11,summary,主要财务指标
600109,国金证券,基本每股收益,2025,0.618,基本每股收益（元／股）,11,summary,主要财务指标
600109,国金证券,基本每股收益,2024,0.452,基本每股收益（元／股）,11,summary,主要财务指标
600109,国金证券,基本每股收益,2023,0.462,基本每股收益（元／股）,11,summary,主要财务指标
600109,国金证券,归母净利润,2025,2276891494.01,归属于母公司股东的净利润,10,summary,主要会计数据
600109,国金证券,归母净利润,2024,1670270955.45,归属于母公司股东的净利润,10,summary,主要会计数据
600109,国金证券,归母净利润,2023,1718438757.07,归属于母公司股东的净利润,10,summary,主要会计数据
600109,国金证券,归母净资产,2025,35471077750.4,归属于母公司所有者权益（或股东权益）合计,145,statement,
600109,国金证券,总资产,2025,148830093752.4,资产总计,144,statement,
600109,国金证券,扣非加权平均净资产收益率,2025,6.32,扣除非经常性损益后的加权平均净资产收益率（%）,11,summary,主要财务指标
600109,国金证券,扣非加权平均净资产收益率,2024,4.84,扣除非经常性损益后的加权平均净资产收益率（%）,11,summary,主要财务指标
600109,国金证券,扣非加权平均净资产收益率,2023,5.18,扣除非经常性损益后的加权平均净资产收益率（%）,11,summary,主要财务指标
600109,国金证券,扣非归母净利润,2025,2185478042.48,归属于上市公司股东的扣除非经常性损益的净利润,137,statement,
600109,国金证券,稀释每股收益,2025,0.618,稀释每股收益（元/股）,11,summary,主要财务指标
600109,国金证券,稀释每股收益,2024,0.452,稀释每股收益（元/股）,11,summary,主要财务指标
600109,国金证券,稀释每股收益,2023,0.462,稀释每股收益（元/股）,11,summary,主要财务指标
600109,国金证券,经营活动现金流量净额,2025,4093986136.39,经营活动产生的现金流量净额,10,summary,主要会计数据
600109,国金证券,经营活动现金流量净额,2024,11784076180.41,经营活动产生的现金流量净额,10,summary,主要会计数据
600109,国金证券,营业收入,2025,8456815830.54,营业收入,10,summary,主要会计数据
600109,国金证券,营业收入,2023,6729872238.04,营业收入,10,summary,主要会计数据
600110,诺德股份,净利润,2025,-312206429.17,净利润,255,statement,
600110,诺德股份,利润总额,2023,95906605.79,利润总额,8,summary,主要会计数据
600110,诺德股份,加权平均净资产收益率,2025,-5.28,加权平均净资产收益率（%）,8,summary,主要财务指标
600110,诺德股份,加权平均净资产收益率,2024,-5.94,加权平均净资产收益率（%）,8,summary,主要财务指标
600110,诺德股份,加权平均净资产收益率,2023,0.44,加权平均净资产收益率（%）,8,summary,主要财务指标
600110,诺德股份,基本每股收益,2025,-0.1734,基本每股收益（元/股）,8,summary,主要财务指标
600110,诺德股份,基本每股收益,2024,-0.2029,基本每股收益（元/股）,8,summary,主要财务指标
600110,诺德股份,基本每股收益,2023,0.0166,基本每股收益（元/股）,8,summary,主要财务指标
600110,诺德股份,归母净利润,2024,351685960.57,归属于上市公司股东的净利润,8,summary,主要会计数据
600110,诺德股份,归母净利润,2023,27313484.06,归属于上市公司股东的净利润,8,summary,主要会计数据
600110,诺德股份,归母净资产,2023,6115440133.17,归属于上市公司股东的净资产,8,summary,主要会计数据
600110,诺德股份,总资产,2025,19399288809.85,总资产,8,summary,主要会计数据
600110,诺德股份,总资产,2023,15238872730.17,总资产,8,summary,主要会计数据
600110,诺德股份,扣非加权平均净资产收益率,2025,-3.56,扣除非经常性损益后的加权平均净资产收益率（%）,8,summary,主要财务指标
600110,诺德股份,扣非加权平均净资产收益率,2024,-7.02,扣除非经常性损益后的加权平均净资产收益率（%）,8,summary,主要财务指标
600110,诺德股份,扣非加权平均净资产收益率,2023,-2.16,扣除非经常性损益后的加权平均净资产收益率（%）,8,summary,主要财务指标
600110,诺德股份,扣非归母净利润,2024,415381390.08,归属于上市公司股东的扣除非经常性损益的净利润,8,summary,主要会计数据
600110,诺德股份,稀释每股收益,2025,-0.1734,稀释每股收益（元／股）,8,summary,主要财务指标
600110,诺德股份,稀释每股收益,2024,-0.2029,稀释每股收益（元／股）,8,summary,主要财务指标
600110,诺德股份,稀释每股收益,2023,0.0166,稀释每股收益（元／股）,8,summary,主要财务指标
600110,诺德股份,经营活动现金流量净额,2024,616482488.16,经营活动产生的现金流量净额,8,summary,主要会计数据
600110,诺德股份,经营活动现金流量净额,2023,1071445866.82,经营活动产生的现金流量净额,8,summary,主要会计数据
600110,诺德股份,营业收入,2025,38.86,营业收入,8,statement,
600111,北方稀土,净利润,2025,2858805350.72,净利润,211,statement,
600111,北方稀土,利润总额,2025,3384289543.79,利润总额,8,summary,主要会计数据
600111,北方稀土,利润总额,2024,1837244280.03,利润总额,8,summary,主要会计数据
600111,北方稀土,加权平均净资产收益率,2025,9.56,加权平均净资产收益率（%）,8,summary,主要财务指标
600111,北方稀土,加权平均净资产收益率,2024,4.57,加权平均净资产收益率（%）,8,summary,主要财务指标
600111,北方稀土,加权平均净资产收益率,2023,11.44,加权平均净资产收益率（%）,8,summary,主要财务指标
600111,北方稀土,基本每股收益,2025,0.6227,基本每股收益（元/股）,8,summary,主要财务指标
600111,北方稀土,基本每股收益,2024,0.2778,基本每股收益（元/股）,8,summary,主要财务指标
600111,北方稀土,基本每股收益,2023,0.6558,基本每股收益（元/股）,8,summary,主要财务指标
600111,北方稀土,归母净利润,2025,2251272073.68,归属于上市公司股东的净利润,8,summary,主要会计数据
600111,北方稀土,归母净利润,2024,1004276921.89,归属于上市公司股东的净利润,8,summary,主要会计数据
600111,北方稀土,归母净利润,2023,2370740184.54,归属于上市公司股东的净利润,8,summary,主要会计数据
600111,北方稀土,归母净资产,2025,24660969712.52,归属于上市公司股东的净资产,8,summary,主要会计数据
600111,北方稀土,归母净资产,2024,22431731792.87,归属于上市公司股东的净资产,8,summary,主要会计数据
600111,北方稀土,归母净资产,2023,21619357642.66,归属于上市公司股东的净资产,8,summary,主要会计数据
600111,北方稀土,总资产,2025,48127817177.89,总资产,8,summary,主要会计数据
600111,北方稀土,总资产,2024,45380919517.66,总资产,8,summary,主要会计数据
600111,北方稀土,总资产,2023,40496655048.44,总资产,8,summary,主要会计数据
600111,北方稀土,扣非加权平均净资产收益率,2025,8.73,扣除非经常性损益后的加权平均净资产收益率（%）,8,summary,主要财务指标
600111,北方稀土,扣非加权平均净资产收益率,2024,4.1,扣除非经常性损益后的加权平均净资产收益率（%）,8,summary,主要财务指标
600111,北方稀土,扣非加权平均净资产收益率,2023,11.18,扣除非经常性损益后的加权平均净资产收益率（%）,8,summary,主要财务指标
600111,北方稀土,扣非归母净利润,2025,2055908109.98,归属于上市公司股东的扣除非经常性损益的净利润,8,summary,主要会计数据
600111,北方稀土,扣非归母净利润,2024,901307586.64,归属于上市公司股东的扣除非经常性损益的净利润,8,summary,主要会计数据
600111,北方稀土,扣非归母净利润,2023,2317962668.39,归属于上市公司股东的扣除非经常性损益的净利润,8,summary,主要会计数据
600111,北方稀土,稀释每股收益,2025,0.6227,稀释每股收益（元／股）,8,summary,主要财务指标
600111,北方稀土,稀释每股收益,2024,0.2778,稀释每股收益（元／股）,8,summary,主要财务指标
600111,北方稀土,稀释每股收益,2023,0.6558,稀释每股收益（元／股）,8,summary,主要财务指标
600111,北方稀土,经营活动现金流量净额,2025,1114870322.24,经营活动产生的现金流量净额,29,statement,
600111,北方稀土,经营活动现金流量净额,2024,1025577551.59,经营活动产生的现金流量净额,8,summary,主要会计数据
600111,北方稀土,经营活动现金流量净额,2023,2427840898.31,经营活动产生的现金流量净额,8,summary,主要会计数据
600111,北方稀土,营业收入,2025,29.11,营业收入,8,statement,
600113,浙江东日,净利润,2025,138473558.62,净利润,171,statement,
600113,浙江东日,利润总额,2025,184424362.24,利润总额,11,summary,主要会计数据
600113,浙江东日,利润总额,2024,163807202.42,利润总额,11,summary,主要会计数据
600113,浙江东日,利润总额,2023,261569563.65,利润总额,11,summary,主要会计数据
600113,浙江东日,加权平均净资产收益率,2025,5.88,加权平均净资产收益率（%）,11,summary,主要财务指标
600113,浙江东日,加权平均净资产收益率,2024,5.52,加权平均净资产收益率（%）,11,summary,主要财务指标
600113,浙江东日,加权平均净资产收益率,2023,9.26,加权平均净资产收益率（%）,11,summary,主要财务指标
600113,浙江东日,基本每股收益,2025,0.35,基本每股收益（元／股）,11,summary,主要财务指标
600113,浙江东日,基本每股收益,2024,0.35,基本每股收益（元／股）,11,summary,主要财务指标
600113,浙江东日,基本每股收益,2023,0.5,基本每股收益（元／股）,11,summary,主要财务指标
600113,浙江东日,归母净利润,2025,144063627.16,归属于上市公司股东的净利润,11,summary,主要会计数据
600113,浙江东日,归母净利润,2024,134710000.17,归属于上市公司股东的净利润,11,summary,主要会计数据
600113,浙江东日,归母净利润,2023,207049794.3,归属于上市公司股东的净利润,11,summary,主要会计数据
600113,浙江东日,归母净资产,2025,2552959533.46,归属于上市公司股东的净资产,11,summary,主要会计数据
600113,浙江东日,归母净资产,2023,2332668694.07,归属于上市公司股东的净资产,11,summary,主要会计数据
600113,浙江东日,总资产,2025,3541796253.75,总资产,11,summary,主要会计数据
600113,浙江东日,总资产,2023,3736476725.82,总资产,11,summary,主要会计数据
600113,浙江东日,扣非加权平均净资产收益率,2025,5.09,扣除非经常性损益后的加权平均净资产收益率（%）,11,summary,主要财务指标
600113,浙江东日,扣非加权平均净资产收益率,2024,4.64,扣除非经常性损益后的加权平均净资产收益率（%）,11,summary,主要财务指标
600113,浙江东日,扣非加权平均净资产收益率,2023,6.7,扣除非经常性损益后的加权平均净资产收益率（%）,11,summary,主要财务指标
600113,浙江东日,扣非归母净利润,2025,124692224.64,归属于上市公司股东的扣除非经常性损益的净利润,11,summary,主要会计数据
600113,浙江东日,扣非归母净利润,2024,113050563.94,归属于上市公司股东的扣除非经常性损益的净利润,11,summary,主要会计数据
600113,浙江东日,扣非归母净利润,2023,149757057.69,归属于上市公司股东的扣除非经常性损益的净利润,11,summary,主要会计数据
600113,浙江东日,稀释每股收益,2025,0.35,稀释每股收益（元／股）,11,summary,主要财务指标
600113,浙江东日,稀释每股收益,2024,0.35,稀释每股收益（元／股）,11,summary,主要财务指标
600113,浙江东日,稀释每股收益,2023,0.49,稀释每股收益（元／股）,11,summary,主要财务指标
600113,浙江东日,经营活动现金流量净额,2025,68887631.9,经营活动产生的现金流量净额,11,summary,主要会计数据
600113,浙江东日,经营活动现金流量净额,2024,115829760.78,经营活动产生的现金流量净额,11,summary,主要会计数据
600113,浙江东日,经营活动现金流量净额,2023,175565415.56,经营活动产生的现金流量净额,11,summary,主要会计数据
600113,浙江东日,营业收入,2025,773504798.71,营业收入,11,summary,主要会计数据
600113,浙江东日,营业收入,2024,722522180.95,营业收入,11,summary,主要会计数据
600113,浙江东日,营业收入,2023,885824413.7,营业收入,11,summary,主要会计数据
600114,东睦股份,利润总额,2025,714655549.71,利润总额,8,summary,主要会计数据
600114,东睦股份,利润总额,2024,478745453.66,利润总额,8,summary,主要会计数据
600114,东睦股份,利润总额,2023,200118781.53,利润总额,8,summary,主要会计数据
600114,东睦股份,加权平均净资产收益率,2025,17.64,加权平均净资产收益率（%）,8,summary,主要财务指标
600114,东睦股份,加权平均净资产收益率,2024,14.87,加权平均净资产收益率（%）,8,summary,主要财务指标
600114,东睦股份,加权平均净资产收益率,2023,7.76,加权平均净资产收益率（%）,8,summary,主要财务指标
600114,东睦股份,基本每股收益,2025,0.86,基本每股收益（元/股）,8,summary,主要财务指标
600114,东睦股份,基本每股收益,2024,0.64,基本每股收益（元/股）,8,summary,主要财务指标
600114,东睦股份,基本每股收益,2023,0.32,基本每股收益（元/股）,8,summary,主要财务指标
600114,东睦股份,归母净利润,2025,535770128.1,归属于上市公司股东的净利润,8,summary,主要会计数据
600114,东睦股份,归母净利润,2024,397004238.67,归属于上市公司股东的净利润,8,summary,主要会计数据
600114,东睦股份,归母净利润,2023,197916738.4,归属于上市公司股东的净利润,8,summary,主要会计数据
600114,东睦股份,归母净资产,2025,3402645731.43,归属于上市公司股东的净资产,8,summary,主要会计数据
600114,东睦股份,归母净资产,2024,2807020978.29,归属于上市公司股东的净资产,8,summary,主要会计数据
600114,东睦股份,归母净资产,2023,2527153837.5,归属于上市公司股东的净资产,8,summary,主要会计数据
600114,东睦股份,总资产,2025,7847747135.81,总资产,8,summary,主要会计数据
600114,东睦股份,总资产,2024,7546622963.72,总资产,8,summary,主要会计数据
600114,东睦股份,总资产,2023,6769069473.24,总资产,8,summary,主要会计数据
600114,东睦股份,扣非加权平均净资产收益率,2025,17.09,扣除非经常性损益后的加权平均净资产收益率（%）,8,summary,主要财务指标
600114,东睦股份,扣非加权平均净资产收益率,2024,14.18,扣除非经常性损益后的加权平均净资产收益率（%）,8,summary,主要财务指标
600114,东睦股份,扣非加权平均净资产收益率,2023,5.86,扣除非经常性损益后的加权平均净资产收益率（%）,8,summary,主要财务指标
600114,东睦股份,扣非归母净利润,2025,518979831.03,归属于上市公司股东的扣除非经常性损益的净利润,8,summary,主要会计数据
600114,东睦股份,扣非归母净利润,2024,378561029.19,归属于上市公司股东的扣除非经常性损益的净利润,8,summary,主要会计数据
600114,东睦股份,扣非归母净利润,2023,149264965.7,归属于上市公司股东的扣除非经常性损益的净利润,8,summary,主要会计数据
600114,东睦股份,稀释每股收益,2025,0.86,稀释每股收益（元／股）,8,summary,主要财务指标
600114,东睦股份,稀释每股收益,2024,0.64,稀释每股收益（元／股）,8,summary,主要财务指标
600114,东睦股份,稀释每股收益,2023,0.32,稀释每股收益（元／股）,8,summary,主要财务指标
600114,东睦股份,经营活动现金流量净额,2025,1003033850.72,经营活动产生的现金流量净额,8,summary,主要会计数据
600114,东睦股份,经营活动现金流量净额,2024,351919990.1,经营活动产生的现金流量净额,8,summary,主要会计数据
600114,东睦股份,经营活动现金流量净额,2023,295166360.06,经营活动产生的现金流量净额,8,summary,主要会计数据
600114,东睦股份,营业收入,2025,6037496242.45,营业收入,8,summary,主要会计数据
600114,东睦股份,营业收入,2023,3861081882.59,营业收入,8,summary,主要会计数据
600115,中国东航,利润总额,2025,274,利润总额,11,summary,主要会计数据
600115,中国东航,利润总额,2024,-3904,利润总额,11,summary,主要会计数据
600115,中国东航,利润总额,2023,-8300,利润总额,11,summary,主要会计数据
600115,中国东航,加权平均净资产收益率,2025,-16.81,加权平均净资产收益率 (%),11,summary,主要财务指标
600115,中国东航,加权平均净资产收益率,2024,-23.04,加权平均净资产收益率 (%),11,summary,主要财务指标
600115,中国东航,加权平均净资产收益率,2023,-32.34,加权平均净资产收益率 (%),11,summary,主要财务指标
600115,中国东航,基本每股收益,2025,-0.11,基本每股收益（元 ／股),11,summary,主要财务指标
600115,中国东航,基本每股收益,2024,-0.19,基本每股收益（元 ／股),11,summary,主要财务指标
600115,中国东航,基本每股收益,2023,-0.37,基本每股收益（元 ／股),11,summary,主要财务指标
600115,中国东航,归母净利润,2025,-1633,归属于上市公司股东的净利润,11,summary,主要会计数据
600115,中国东航,归母净利润,2024,-4226,归属于上市公司股东的净利润,11,summary,主要会计数据
600115,中国东航,归母净利润,2023,-8190,归属于上市公司股东的净利润,11,summary,主要会计数据
600115,中国东航,归母净资产,2025,37759,归属于上市公司股东的净资产,11,statement,
600115,中国东航,总资产,2025,291764,资产总计,109,statement,
600115,中国东航,扣非加权平均净资产收益率,2025,-26.29,扣除非经常性损益后的加权平 均净资产收益率 (%),11,summary,主要财务指标
600115,中国东航,扣非加权平均净资产收益率,2024,-27.16,扣除非经常性损益后的加权平 均净资产收益率 (%),11,summary,主要财务指标
600115,中国东航,扣非加权平均净资产收益率,2023,-35.48,扣除非经常性损益后的加权平 均净资产收益率 (%),11,summary,主要财务指标
600115,中国东航,扣非归母净利润,2025,-2949,归属于上市公司股东的扣除非经常性损益的净利润,11,summary,主要会计数据
600115,中国东航,扣非归母净利润,2024,-4983,归属于上市公司股东的扣除非经常性损益的净利润,11,summary,主要会计数据
600115,中国东航,扣非归母净利润,2023,-8944,归属于上市公司股东的扣除非经常性损益的净利润,11,summary,主要会计数据
600115,中国东航,稀释每股收益,2025,-0.11,稀释每股收益(元 ／股),11,summary,主要财务指标
600115,中国东航,稀释每股收益,2024,-0.19,稀释每股收益(元 ／股),11,summary,主要财务指标
600115,中国东航,稀释每股收益,2023,-0.37,稀释每股收益(元 ／股),11,summary,主要财务指标
600115,中国东航,经营活动现金流量净额,2025,37941,经营活动产生的现金流量净额,11,summary,主要会计数据
600115,中国东航,经营活动现金流量净额,2024,37314,经营活动产生的现金流量净额,11,summary,主要会计数据
600115,中国东航,经营活动现金流量净额,2023,26553,经营活动产生的现金流量净额,11,summary,主要会计数据
600115,中国东航,营业收入,2025,139941,营业收入,11,summary,主要会计数据
600115,中国东航,营业收入,2024,132120,营业收入,11,summary,主要会计数据
600115,中国东航,营业收入,2023,113788,营业收入,11,summary,主要会计数据
600116,三峡水利,净利润,2025,416900777.83,净利润,232,statement,
600116,三峡水利,利润总额,2025,659806989.2,利润总额,9,summary,主要会计数据
600116,三峡水利,利润总额,2024,360847164.45,利润总额,9,summary,主要会计数据
600116,三峡水利,利润总额,2023,625215683.83,利润总额,9,summary,主要会计数据
600116,三峡水利,加权平均净资产收益率,2025,3.89,加权平均净资产收益率（%）,9,summary,主要财务指标
600116,三峡水利,加权平均净资产收益率,2024,2.78,加权平均净资产收益率（%）,9,summary,主要财务指标
600116,三峡水利,加权平均净资产收益率,2023,4.62,加权平均净资产收益率（%）,9,summary,主要财务指标
600116,三峡水利,基本每股收益,2025,0.23,基本每股收益（元／股）,9,summary,主要财务指标
600116,三峡水利,基本每股收益,2024,0.16,基本每股收益（元／股）,9,summary,主要财务指标
600116,三峡水利,基本每股收益,2023,0.27,基本每股收益（元／股）,9,summary,主要财务指标
600116,三峡水利,归母净利润,2025,435920951.09,归属于上市公司股东的净利润,9,summary,主要会计数据
600116,三峡水利,归母净利润,2024,309710030.78,归属于上市公司股东的净利润,9,summary,主要会计数据
600116,三峡水利,归母净利润,2023,515664261.87,归属于上市公司股东的净利润,9,summary,主要会计数据
600116,三峡水利,归母净资产,2025,11296543907.79,归属于上市公司股东的净资产,9,summary,主要会计数据
600116,三峡水利,归母净资产,2024,11030038526.48,归属于上市公司股东的净资产,9,summary,主要会计数据
600116,三峡水利,归母净资产,2023,11163745720.05,归属于上市公司股东的净资产,9,summary,主要会计数据
600116,三峡水利,总资产,2025,25201527976.12,资产总计,96,statement,
600116,三峡水利,总资产,2024,25201527976.12,总资产,9,summary,主要会计数据
600116,三峡水利,总资产,2023,23537179468.07,总资产,9,summary,主要会计数据
600116,三峡水利,扣非加权平均净资产收益率,2025,1.78,扣除非经常性损益后的加权平均净资产收益率（%）,9,summary,主要财务指标
600116,三峡水利,扣非加权平均净资产收益率,2024,2.11,扣除非经常性损益后的加权平均净资产收益率（%）,9,summary,主要财务指标
600116,三峡水利,扣非加权平均净资产收益率,2023,2.66,扣除非经常性损益后的加权平均净资产收益率（%）,9,summary,主要财务指标
600116,三峡水利,扣非归母净利润,2025,198699308.63,归属于上市公司股东的扣除非经常性损益的净利润,9,summary,主要会计数据
600116,三峡水利,扣非归母净利润,2024,235004029.01,归属于上市公司股东的扣除非经常性损益的净利润,9,summary,主要会计数据
600116,三峡水利,扣非归母净利润,2023,296473427.78,归属于上市公司股东的扣除非经常性损益的净利润,9,summary,主要会计数据
600116,三峡水利,稀释每股收益,2025,0.23,稀释每股收益（元／股）,9,summary,主要财务指标
600116,三峡水利,稀释每股收益,2024,0.16,稀释每股收益（元／股）,9,summary,主要财务指标
600116,三峡水利,稀释每股收益,2023,0.27,稀释每股收益（元／股）,9,summary,主要财务指标
600116,三峡水利,经营活动现金流量净额,2025,1396305317,经营活动产生的现金流量净额,9,summary,主要会计数据
600116,三峡水利,经营活动现金流量净额,2024,898316268.73,经营活动产生的现金流量净额,9,summary,主要会计数据
600116,三峡水利,营业收入,2025,10172907704.5,营业收入,9,summary,主要会计数据
600116,三峡水利,营业收入,2024,10321619482.85,营业收入,9,summary,主要会计数据
600116,三峡水利,营业收入,2023,11176830262.42,营业收入,9,summary,主要会计数据
600117,西宁特钢,利润总额,2025,-1042843273.18,利润总额,7,summary,主要会计数据
600117,西宁特钢,利润总额,2024,-1193171277.68,利润总额,7,summary,主要会计数据
600117,西宁特钢,利润总额,2023,1253641845.29,利润总额,7,summary,主要会计数据
600117,西宁特钢,加权平均净资产收益率,2025,-21.83,加权平均净资产收益率（%）,7,summary,主要财务指标
600117,西宁特钢,加权平均净资产收益率,2024,-17.49,加权平均净资产收益率（%）,7,summary,主要财务指标
600117,西宁特钢,加权平均净资产收益率,2023,992.07,加权平均净资产收益率（%）,7,summary,主要财务指标
600117,西宁特钢,基本每股收益,2025,-0.28,基本每股收益（元/股）,7,summary,主要财务指标
600117,西宁特钢,基本每股收益,2024,-0.27,基本每股收益（元/股）,7,summary,主要财务指标
600117,西宁特钢,基本每股收益,2023,0.52,基本每股收益（元/股）,7,summary,主要财务指标
600117,西宁特钢,归母净利润,2025,-900089599.88,归属于上市公司股东的净利润,7,summary,主要会计数据
600117,西宁特钢,归母净资产,2023,5367324581.78,归属于上市公司股东的净资产,7,summary,主要会计数据
600117,西宁特钢,总资产,2025,12331129999.14,总资产,7,summary,主要会计数据
600117,西宁特钢,总资产,2024,12374281029.95,总资产,7,summary,主要会计数据
600117,西宁特钢,总资产,2023,13993269342.1,总资产,7,summary,主要会计数据
600117,西宁特钢,扣非加权平均净资产收益率,2025,-23.12,扣除非经常性损益后的加权平均净资产收益率（%）,7,summary,主要财务指标
600117,西宁特钢,扣非加权平均净资产收益率,2024,-19.39,扣除非经常性损益后的加权平均净资产收益率（%）,7,summary,主要财务指标
600117,西宁特钢,扣非加权平均净资产收益率,2023,-929.18,扣除非经常性损益后的加权平均净资产收益率（%）,7,summary,主要财务指标
600117,西宁特钢,扣非归母净利润,2025,-953297078.97,归属于上市公司股东的扣除非经常性损益的净利润,7,summary,主要会计数据
600117,西宁特钢,扣非归母净利润,2024,-956822532.96,归属于上市公司股东的扣除非经常性损益的净利润,7,summary,主要会计数据
600117,西宁特钢,扣非归母净利润,2023,-1579259693.17,归属于上市公司股东的扣除非经常性损益的净利润,7,summary,主要会计数据
600117,西宁特钢,稀释每股收益,2025,-0.28,稀释每股收益（元/股）,7,summary,主要财务指标
600117,西宁特钢,稀释每股收益,2024,-0.27,稀释每股收益（元/股）,7,summary,主要财务指标
600117,西宁特钢,稀释每股收益,2023,0.52,稀释每股收益（元/股）,7,summary,主要财务指标
600117,西宁特钢,经营活动现金流量净额,2025,72948016.06,经营活动产生的现金流量净额,7,summary,主要会计数据
600117,西宁特钢,经营活动现金流量净额,2024,-111117244.17,经营活动产生的现金流量净额,7,summary,主要会计数据
600117,西宁特钢,经营活动现金流量净额,2023,-360585884.54,经营活动产生的现金流量净额,7,summary,主要会计数据
600117,西宁特钢,营业收入,2025,5717190724.4,营业收入,7,statement,
600117,西宁特钢,营业收入,2024,5717190724.4,营业收入,7,summary,主要会计数据
600117,西宁特钢,营业收入,2023,4939090908.3,营业收入,7,summary,主要会计数据
600118,中国卫星,净利润,2025,24052047.9,净利润,157,statement,
600118,中国卫星,利润总额,2025,16841166.01,利润总额,7,summary,主要会计数据
600118,中国卫星,利润总额,2024,-60116650.88,利润总额,7,summary,主要会计数据
600118,中国卫星,利润总额,2023,165673042.61,利润总额,7,summary,主要会计数据
600118,中国卫星,加权平均净资产收益率,2025,0.56,加权平均净资产收益率（%）,8,summary,主要财务指标
600118,中国卫星,加权平均净资产收益率,2024,0.44,加权平均净资产收益率（%）,8,summary,主要财务指标
600118,中国卫星,加权平均净资产收益率,2023,2.5,加权平均净资产收益率（%）,8,summary,主要财务指标
600118,中国卫星,基本每股收益,2025,0.03,基本每股收益（元/股）,8,summary,主要财务指标
600118,中国卫星,基本每股收益,2024,0.02,基本每股收益（元/股）,8,summary,主要财务指标
600118,中国卫星,基本每股收益,2023,0.13,基本每股收益（元/股）,8,summary,主要财务指标
600118,中国卫星,归母净利润,2025,35556687.85,归属于上市公司股东的净利润,7,summary,主要会计数据
600118,中国卫星,归母净利润,2024,27913994.95,归属于上市公司股东的净利润,7,summary,主要会计数据
600118,中国卫星,归母净利润,2023,157535184.46,归属于上市公司股东的净利润,7,summary,主要会计数据
600118,中国卫星,归母净资产,2025,6365044137.99,归属于上市公司股东的净资产,7,summary,主要会计数据
600118,中国卫星,归母净资产,2024,6340935472.84,归属于上市公司股东的净资产,7,summary,主要会计数据
600118,中国卫星,归母净资产,2023,6336636313.02,归属于上市公司股东的净资产,7,summary,主要会计数据
600118,中国卫星,总资产,2025,13201298080.22,总资产,7,summary,主要会计数据
600118,中国卫星,总资产,2024,13236759689.68,总资产,7,summary,主要会计数据
600118,中国卫星,总资产,2023,13507540791.94,总资产,7,summary,主要会计数据
600118,中国卫星,扣非加权平均净资产收益率,2025,0.12,扣除非经常性损益后的加权平均净资产收益率（%）,8,summary,主要财务指标
600118,中国卫星,扣非加权平均净资产收益率,2024,0.08,扣除非经常性损益后的加权平均净资产收益率（%）,8,summary,主要财务指标
600118,中国卫星,扣非加权平均净资产收益率,2023,2.28,扣除非经常性损益后的加权平均净资产收益率（%）,8,summary,主要财务指标
600118,中国卫星,扣非归母净利润,2025,7583718.56,归属于上市公司股东的扣除非经常性损益的净利润,7,summary,主要会计数据
600118,中国卫星,扣非归母净利润,2024,4785866.28,归属于上市公司股东的扣除非经常性损益的净利润,7,summary,主要会计数据
600118,中国卫星,扣非归母净利润,2023,143877965.41,归属于上市公司股东的扣除非经常性损益的净利润,7,summary,主要会计数据
600118,中国卫星,稀释每股收益,2025,0.03,稀释每股收益（元/股）,8,summary,主要财务指标
600118,中国卫星,稀释每股收益,2024,0.02,稀释每股收益（元/股）,8,summary,主要财务指标
600118,中国卫星,稀释每股收益,2023,0.13,稀释每股收益（元/股）,8,summary,主要财务指标
600118,中国卫星,经营活动现金流量净额,2025,363333516.24,经营活动产生的现金流量净额,7,summary,主要会计数据
600118,中国卫星,经营活动现金流量净额,2024,-316767005.05,经营活动产生的现金流量净额,7,summary,主要会计数据
600118,中国卫星,经营活动现金流量净额,2023,-1067749937.68,经营活动产生的现金流量净额,7,summary,主要会计数据
600118,中国卫星,营业收入,2025,6102944926,营业收入,7,summary,主要会计数据
600118,中国卫星,营业收入,2024,5156492934.44,营业收入,7,summary,主要会计数据
600118,中国卫星,营业收入,2023,6881163265.72,营业收入,7,summary,主要会计数据
600119,*ST长投,净利润,2025,-40699503.94,净利润,174,statement,
600119,*ST长投,利润总额,2025,-40510306.25,利润总额,5,summary,主要会计数据
600119,*ST长投,利润总额,2024,-90292593.83,利润总额,5,summary,主要会计数据
600119,*ST长投,利润总额,2023,16270647.76,利润总额,5,summary,主要会计数据
600119,*ST长投,加权平均净资产收益率,2025,-41.78,加权平均净资产收益率（%）,6,summary,主要财务指标
600119,*ST长投,加权平均净资产收益率,2024,-44.38,加权平均净资产收益率（%）,6,summary,主要财务指标
600119,*ST长投,加权平均净资产收益率,2023,4.41,加权平均净资产收益率（%）,6,summary,主要财务指标
600119,*ST长投,基本每股收益,2025,-0.13,基本每股收益（元／股）,6,summary,主要财务指标
600119,*ST长投,基本每股收益,2024,-0.21,基本每股收益（元／股）,6,summary,主要财务指标
600119,*ST长投,基本每股收益,2023,0.02,基本每股收益（元／股）,6,summary,主要财务指标
600119,*ST长投,归母净利润,2025,-45951536.24,归属于上市公司股东的净利润,5,summary,主要会计数据
600119,*ST长投,归母净利润,2024,-74910157.58,归属于上市公司股东的净利润,5,summary,主要会计数据
600119,*ST长投,归母净利润,2023,8901767.95,归属于上市公司股东的净利润,5,summary,主要会计数据
600119,*ST长投,归母净资产,2025,87245172.25,归属于上市公司股东的净资产,5,summary,主要会计数据
600119,*ST长投,归母净资产,2024,131399323.75,归属于上市公司股东的净资产,5,summary,主要会计数据
600119,*ST长投,归母净资产,2023,206239526.14,归属于上市公司股东的净资产,5,summary,主要会计数据
600119,*ST长投,总资产,2025,496903480.19,总资产,5,summary,主要会计数据
600119,*ST长投,总资产,2024,546577318.48,总资产,5,summary,主要会计数据
600119,*ST长投,总资产,2023,746286467.73,总资产,5,summary,主要会计数据
600119,*ST长投,扣非加权平均净资产收益率,2025,-29.68,扣除非经常性损益后的加权平均净资产收益率（%）,6,summary,主要财务指标
600119,*ST长投,扣非加权平均净资产收益率,2024,-34.47,扣除非经常性损益后的加权平均净资产收益率（%）,6,summary,主要财务指标
600119,*ST长投,扣非加权平均净资产收益率,2023,-14.6,扣除非经常性损益后的加权平均净资产收益率（%）,6,summary,主要财务指标
600119,*ST长投,扣非归母净利润,2025,-32646354.79,归属于上市公司股东的扣除非经常性损益的净利润,5,summary,主要会计数据
600119,*ST长投,扣非归母净利润,2024,-58186504.33,归属于上市公司股东的扣除非经常性损益的净利润,5,summary,主要会计数据
600119,*ST长投,扣非归母净利润,2023,-29441528.07,归属于上市公司股东的扣除非经常性损益的净利润,5,summary,主要会计数据
600119,*ST长投,稀释每股收益,2025,-0.13,稀释每股收益（元／股）,6,summary,主要财务指标
600119,*ST长投,稀释每股收益,2024,-0.21,稀释每股收益（元／股）,6,summary,主要财务指标
600119,*ST长投,稀释每股收益,2023,0.02,稀释每股收益（元／股）,6,summary,主要财务指标
600119,*ST长投,经营活动现金流量净额,2025,20004706.89,经营活动产生的现金流量净额,5,summary,主要会计数据
600119,*ST长投,经营活动现金流量净额,2024,46370473.63,经营活动产生的现金流量净额,5,summary,主要会计数据
600119,*ST长投,经营活动现金流量净额,2023,-17321250.33,经营活动产生的现金流量净额,5,summary,主要会计数据
600119,*ST长投,营业收入,2025,203728891.59,营业收入,5,summary,主要会计数据
600119,*ST长投,营业收入,2024,507278326.71,营业收入,5,summary,主要会计数据
600119,*ST长投,营业收入,2023,862585845.98,营业收入,5,summary,主要会计数据
600120,浙江东方,净利润,2025,975254752.28,净利润,204,statement,
600120,浙江东方,利润总额,2025,1085409004.01,利润总额,6,summary,主要会计数据
600120,浙江东方,加权平均净资产收益率,2025,5.8,加权平均净资产收益率(%),7,summary,主要财务指标
600120,浙江东方,基本每股收益,2025,0.28,基本每股收益（元/股）,7,summary,主要财务指标
600120,浙江东方,归母净资产,2025,16497308330.07,归属于上市公司股东的净资产,6,summary,主要会计数据
600120,浙江东方,总资产,2025,60404136916.03,总资产,6,summary,主要会计数据
600120,浙江东方,扣非加权平均净资产收益率,2025,4.91,扣除非经常性损益后的加权平均净资产收益率（%）,7,summary,主要财务指标
600120,浙江东方,扣非归母净利润,2025,791109506.34,归属于上市公司股东的扣除非经常性损益的净利润,6,summary,主要会计数据
600120,浙江东方,稀释每股收益,2025,0.28,稀释每股收益（元／股）,7,summary,主要财务指标
600120,浙江东方,经营活动现金流量净额,2025,798940299.01,经营活动产生的现金流量净额,6,summary,主要会计数据
600120,浙江东方,营业收入,2025,818112052.53,营业收入,6,summary,主要会计数据
600121,郑州煤电,净利润,2025,-782089957.93,净利润,166,statement,
600121,郑州煤电,利润总额,2025,-675386278.18,利润总额,6,summary,主要会计数据
600121,郑州煤电,利润总额,2024,468090036.5,利润总额,6,summary,主要会计数据
600121,郑州煤电,利润总额,2023,350562683.06,利润总额,6,summary,主要会计数据
600121,郑州煤电,加权平均净资产收益率,2025,-65.86,加权平均净资产收益率（%）,7,summary,主要财务指标
600121,郑州煤电,加权平均净资产收益率,2024,16.23,加权平均净资产收益率（%）,7,summary,主要财务指标
600121,郑州煤电,加权平均净资产收益率,2023,1.98,加权平均净资产收益率（%）,7,summary,主要财务指标
600121,郑州煤电,基本每股收益,2025,-0.7612,基本每股收益（元/股）,7,summary,主要财务指标
600121,郑州煤电,基本每股收益,2024,0.232,基本每股收益（元/股）,7,summary,主要财务指标
600121,郑州煤电,基本每股收益,2023,0.0262,基本每股收益（元/股）,7,summary,主要财务指标
600121,郑州煤电,归母净利润,2025,-927483677.71,归属于上市公司股东的净利润,6,summary,主要会计数据
600121,郑州煤电,归母净利润,2024,282662788.09,归属于上市公司股东的净利润,6,summary,主要会计数据
600121,郑州煤电,归母净利润,2023,31979829.58,归属于上市公司股东的净利润,6,summary,主要会计数据
600121,郑州煤电,归母净资产,2025,937772955.4,归属于上市公司股东的净资产,6,summary,主要会计数据
600121,郑州煤电,归母净资产,2024,1878560316.92,归属于上市公司股东的净资产,6,summary,主要会计数据
600121,郑州煤电,总资产,2025,13110530905.74,总资产,6,summary,主要会计数据
600121,郑州煤电,总资产,2024,13963701953.71,总资产,6,summary,主要会计数据
600121,郑州煤电,总资产,2023,13262636174.93,总资产,6,summary,主要会计数据
600121,郑州煤电,扣非加权平均净资产收益率,2025,-64.51,扣除非经常性损益后的加权平均净资产收益率（%）,7,summary,主要财务指标
600121,郑州煤电,扣非加权平均净资产收益率,2024,1.92,扣除非经常性损益后的加权平均净资产收益率（%）,7,summary,主要财务指标
600121,郑州煤电,扣非加权平均净资产收益率,2023,1.13,扣除非经常性损益后的加权平均净资产收益率（%）,7,summary,主要财务指标
600121,郑州煤电,扣非归母净利润,2025,-908460686.87,归属于上市公司股东的扣除非经常性损益的净利润,6,summary,主要会计数据
600121,郑州煤电,扣非归母净利润,2024,33504508.94,归属于上市公司股东的扣除非经常性损益的净利润,6,summary,主要会计数据
600121,郑州煤电,扣非归母净利润,2023,18271692.47,归属于上市公司股东的扣除非经常性损益的净利润,6,summary,主要会计数据
600121,郑州煤电,稀释每股收益,2025,-0.7612,稀释每股收益（元/股）,7,summary,主要财务指标
600121,郑州煤电,稀释每股收益,2024,0.232,稀释每股收益（元/股）,7,summary,主要财务指标
600121,郑州煤电,稀释每股收益,2023,0.0262,稀释每股收益（元/股）,7,summary,主要财务指标
600121,郑州煤电,经营活动现金流量净额,2025,139019244.63,经营活动产生的现金流量净额,6,summary,主要会计数据
600121,郑州煤电,经营活动现金流量净额,2024,456148742.41,经营活动产生的现金流量净额,6,summary,主要会计数据
600121,郑州煤电,经营活动现金流量净额,2023,243965445.04,经营活动产生的现金流量净额,6,summary,主要会计数据
600121,郑州煤电,营业收入,2025,3552273658.65,营业收入,6,summary,主要会计数据
600121,郑州煤电,营业收入,2024,4204916322.89,营业收入,6,summary,主要会计数据
600121,郑州煤电,营业收入,2023,4323258618.22,营业收入,6,summary,主要会计数据
600123,兰花科创,利润总额,2025,-810089751.56,利润总额,6,summary,主要会计数据
600123,兰花科创,利润总额,2024,826863917.67,利润总额,6,summary,主要会计数据
600123,兰花科创,利润总额,2023,3218356486.01,利润总额,6,summary,主要会计数据
600123,兰花科创,加权平均净资产收益率,2025,-3.45,加权平均净资产收益率（%）,6,summary,主要财务指标
600123,兰花科创,加权平均净资产收益率,2024,4.5,加权平均净资产收益率（%）,6,summary,主要财务指标
600123,兰花科创,加权平均净资产收益率,2023,13.05,加权平均净资产收益率（%）,6,summary,主要财务指标
600123,兰花科创,基本每股收益,2025,-0.3665,基本每股收益（元/股）,6,summary,主要财务指标
600123,兰花科创,基本每股收益,2024,0.4843,基本每股收益（元/股）,6,summary,主要财务指标
600123,兰花科创,基本每股收益,2023,1.4124,基本每股收益（元/股）,6,summary,主要财务指标
600123,兰花科创,归母净利润,2025,-539924732.77,归属于上市公司股东的净利润,6,summary,主要会计数据
600123,兰花科创,归母净利润,2024,717680156.76,归属于上市公司股东的净利润,6,summary,主要会计数据
600123,兰花科创,归母净利润,2023,2097609135.27,归属于上市公司股东的净利润,6,summary,主要会计数据
600123,兰花科创,归母净资产,2023,16642667165.52,归属于上市公司股东的净资产,6,summary,主要会计数据
600123,兰花科创,总资产,2025,29857545599.48,资产总计,64,statement,
600123,兰花科创,扣非加权平均净资产收益率,2025,-5.44,扣除非经常性损益后的加权平均净资产收益率（%）,6,summary,主要财务指标
600123,兰花科创,扣非加权平均净资产收益率,2024,4.42,扣除非经常性损益后的加权平均净资产收益率（%）,6,summary,主要财务指标
600123,兰花科创,扣非加权平均净资产收益率,2023,13.21,扣除非经常性损益后的加权平均净资产收益率（%）,6,summary,主要财务指标
600123,兰花科创,扣非归母净利润,2025,-851959156.77,归属于上市公司股东的扣除非经常性损益的净利润,6,summary,主要会计数据
600123,兰花科创,扣非归母净利润,2024,704532082.47,归属于上市公司股东的扣除非经常性损益的净利润,6,summary,主要会计数据
600123,兰花科创,扣非归母净利润,2023,2122792836.62,归属于上市公司股东的扣除非经常性损益的净利润,6,summary,主要会计数据
600123,兰花科创,稀释每股收益,2025,-0.3665,稀释每股收益（元/股）,6,summary,主要财务指标
600123,兰花科创,稀释每股收益,2024,0.4843,稀释每股收益（元/股）,6,summary,主要财务指标
600123,兰花科创,稀释每股收益,2023,1.4124,稀释每股收益（元/股）,6,summary,主要财务指标
600123,兰花科创,经营活动现金流量净额,2025,-341829248.77,经营活动产生的现金流量净额,6,summary,主要会计数据
600123,兰花科创,经营活动现金流量净额,2024,1903226524.73,经营活动产生的现金流量净额,6,summary,主要会计数据
600123,兰花科创,经营活动现金流量净额,2023,2672557332.25,经营活动产生的现金流量净额,6,summary,主要会计数据
600123,兰花科创,营业收入,2025,8141540425.11,营业收入,6,summary,主要会计数据
600123,兰花科创,营业收入,2024,11696667204.12,营业收入,6,summary,主要会计数据
600125,铁龙物流,净利润,2025,520997453.72,净利润,131,statement,
600125,铁龙物流,利润总额,2025,740058785.43,利润总额,5,summary,主要会计数据
600125,铁龙物流,利润总额,2024,583241125.47,利润总额,5,summary,主要会计数据
600125,铁龙物流,利润总额,2023,662283318.8,利润总额,5,summary,主要会计数据
600125,铁龙物流,加权平均净资产收益率,2025,7.016,加权平均净资产收益率（%）,5,summary,主要财务指标
600125,铁龙物流,加权平均净资产收益率,2024,5.332,加权平均净资产收益率（%）,5,summary,主要财务指标
600125,铁龙物流,加权平均净资产收益率,2023,6.872,加权平均净资产收益率（%）,5,summary,主要财务指标
600125,铁龙物流,基本每股收益,2025,0.402,基本每股收益（元/股）,5,summary,主要财务指标
600125,铁龙物流,基本每股收益,2024,0.293,基本每股收益（元/股）,5,summary,主要财务指标
600125,铁龙物流,基本每股收益,2023,0.361,基本每股收益（元/股）,5,summary,主要财务指标
600125,铁龙物流,归母净利润,2025,525051958.4,归属于上市公司股东的净利润,5,summary,主要会计数据
600125,铁龙物流,归母净利润,2024,381917351.45,归属于上市公司股东的净利润,5,summary,主要会计数据
600125,铁龙物流,归母净利润,2023,470778938.33,归属于上市公司股东的净利润,5,summary,主要会计数据
600125,铁龙物流,归母净资产,2025,7622260921.99,归属于上市公司股东的净资产,5,summary,主要会计数据
600125,铁龙物流,归母净资产,2024,7270483663.69,归属于上市公司股东的净资产,5,summary,主要会计数据
600125,铁龙物流,归母净资产,2023,7032255615.81,归属于上市公司股东的净资产,5,summary,主要会计数据
600125,铁龙物流,总资产,2025,10324814800.18,总资产,5,summary,主要会计数据
600125,铁龙物流,总资产,2024,10417813588.12,总资产,5,summary,主要会计数据
600125,铁龙物流,总资产,2023,10010076733.21,总资产,5,summary,主要会计数据
600125,铁龙物流,扣非加权平均净资产收益率,2025,6.808,扣除非经常性损益后的加权平均净资产收益率（%）,5,summary,主要财务指标
600125,铁龙物流,扣非加权平均净资产收益率,2024,5.148,扣除非经常性损益后的加权平均净资产收益率（%）,5,summary,主要财务指标
600125,铁龙物流,扣非加权平均净资产收益率,2023,6.483,扣除非经常性损益后的加权平均净资产收益率（%）,5,summary,主要财务指标
600125,铁龙物流,扣非归母净利润,2025,509511210.09,归属于上市公司股东的扣除非经常性损益的净利润,5,summary,主要会计数据
600125,铁龙物流,扣非归母净利润,2024,368744854.22,归属于上市公司股东的扣除非经常性损益的净利润,5,summary,主要会计数据
600125,铁龙物流,扣非归母净利润,2023,444147786.39,归属于上市公司股东的扣除非经常性损益的净利润,5,summary,主要会计数据
600125,铁龙物流,稀释每股收益,2025,0.402,稀释每股收益（元／股）,5,summary,主要财务指标
600125,铁龙物流,稀释每股收益,2024,0.293,稀释每股收益（元／股）,5,summary,主要财务指标
600125,铁龙物流,稀释每股收益,2023,0.361,稀释每股收益（元／股）,5,summary,主要财务指标
600125,铁龙物流,经营活动现金流量净额,2025,689966467.27,经营活动产生的现金流量净额,5,summary,主要会计数据
600125,铁龙物流,经营活动现金流量净额,2024,616132744.67,经营活动产生的现金流量净额,5,summary,主要会计数据
600125,铁龙物流,经营活动现金流量净额,2023,136506809.01,经营活动产生的现金流量净额,5,summary,主要会计数据
600125,铁龙物流,营业收入,2025,11493909430.4,营业收入,5,summary,主要会计数据
600125,铁龙物流,营业收入,2024,13015452205.61,营业收入,5,summary,主要会计数据
600125,铁龙物流,营业收入,2023,14693128158.11,营业收入,5,summary,主要会计数据
600126,杭钢股份,净利润,2025,23071462.13,净利润,147,statement,
600126,杭钢股份,利润总额,2025,69510970.45,利润总额,6,summary,主要会计数据
600126,杭钢股份,利润总额,2024,-513213392.14,利润总额,6,summary,主要会计数据
600126,杭钢股份,利润总额,2023,278831093.12,利润总额,6,summary,主要会计数据
600126,杭钢股份,加权平均净资产收益率,2025,0.12,加权平均净资产收益率（%）,7,summary,主要财务指标
600126,杭钢股份,加权平均净资产收益率,2024,-3.17,加权平均净资产收益率（%）,7,summary,主要财务指标
600126,杭钢股份,加权平均净资产收益率,2023,0.9,加权平均净资产收益率（%）,7,summary,主要财务指标
600126,杭钢股份,基本每股收益,2025,0.01,基本每股收益（元／股）,7,summary,主要财务指标
600126,杭钢股份,基本每股收益,2024,-0.19,基本每股收益（元／股）,7,summary,主要财务指标
600126,杭钢股份,基本每股收益,2023,0.05,基本每股收益（元／股）,7,summary,主要财务指标
600126,杭钢股份,归母净利润,2025,24138999.02,归属于上市公司股东的净利润,6,summary,主要会计数据
600126,杭钢股份,归母净利润,2024,-628119636.11,归属于上市公司股东的净利润,6,summary,主要会计数据
600126,杭钢股份,归母净利润,2023,182231004.36,归属于上市公司股东的净利润,6,summary,主要会计数据
600126,杭钢股份,归母净资产,2025,19424983072.77,归属于上市公司股东的净资产,6,summary,主要会计数据
600126,杭钢股份,总资产,2025,31171280705.3,资产总计,62,statement,
600126,杭钢股份,扣非加权平均净资产收益率,2025,-0.57,扣除非经常性损益后的加权平均净资产收益率（%）,7,summary,主要财务指标
600126,杭钢股份,扣非加权平均净资产收益率,2024,-4.21,扣除非经常性损益后的加权平均净资产收益率（%）,7,summary,主要财务指标
600126,杭钢股份,扣非加权平均净资产收益率,2023,-0.07,扣除非经常性损益后的加权平均净资产收益率（%）,7,summary,主要财务指标
600126,杭钢股份,扣非归母净利润,2025,-111604258.3,归属于上市公司股东的扣除非经常性损益的净利润,6,summary,主要会计数据
600126,杭钢股份,扣非归母净利润,2024,-834310521.57,归属于上市公司股东的扣除非经常性损益的净利润,6,summary,主要会计数据
600126,杭钢股份,扣非归母净利润,2023,-13246408.63,归属于上市公司股东的扣除非经常性损益的净利润,6,summary,主要会计数据
600126,杭钢股份,稀释每股收益,2025,0.01,稀释每股收益（元/股）,7,summary,主要财务指标
600126,杭钢股份,稀释每股收益,2024,-0.19,稀释每股收益（元/股）,7,summary,主要财务指标
600126,杭钢股份,稀释每股收益,2023,0.05,稀释每股收益（元/股）,7,summary,主要财务指标
600126,杭钢股份,经营活动现金流量净额,2025,78,经营活动产生的现金流量净额,69,statement,
600126,杭钢股份,经营活动现金流量净额,2024,1129659454.33,经营活动产生的现金流量净额,6,summary,主要会计数据
600126,杭钢股份,营业收入,2025,-17.81,营业收入,6,statement,
600127,金健米业,净利润,2025,3339826.11,净利润,152,statement,
600127,金健米业,利润总额,2025,10309859.65,利润总额,6,summary,主要会计数据
600127,金健米业,利润总额,2024,8269239.81,利润总额,6,summary,主要会计数据
600127,金健米业,加权平均净资产收益率,2025,0.56,加权平均净资产收益率（%）,6,summary,主要财务指标
600127,金健米业,加权平均净资产收益率,2024,0.26,加权平均净资产收益率（%）,6,summary,主要财务指标
600127,金健米业,基本每股收益,2025,0.0059,基本每股收益（元/股）,6,summary,主要财务指标
600127,金健米业,基本每股收益,2024,0.0035,基本每股收益（元/股）,6,summary,主要财务指标
600127,金健米业,归母净利润,2025,3772773.2,归属于上市公司股东的净利润,6,summary,主要会计数据
600127,金健米业,归母净利润,2024,2228770.15,归属于上市公司股东的净利润,6,summary,主要会计数据
600127,金健米业,归母净资产,2025,671220744.82,归属于上市公司股东的净资产,6,summary,主要会计数据
600127,金健米业,归母净资产,2024,667431547.3,归属于上市公司股东的净资产,6,summary,主要会计数据
600127,金健米业,总资产,2025,1867902470.54,总资产,6,summary,主要会计数据
600127,金健米业,总资产,2024,1773004040.09,总资产,6,summary,主要会计数据
600127,金健米业,扣非加权平均净资产收益率,2025,-0.59,扣除非经常性损益后的加权平均净资产收益率（%）,6,summary,主要财务指标
600127,金健米业,扣非加权平均净资产收益率,2024,-0.37,扣除非经常性损益后的加权平均净资产收益率（%）,6,summary,主要财务指标
600127,金健米业,扣非归母净利润,2025,-3980099.08,归属于上市公司股东的扣除非经常性损益的净利润,6,summary,主要会计数据
600127,金健米业,扣非归母净利润,2024,-2560478.7,归属于上市公司股东的扣除非经常性损益的净利润,6,summary,主要会计数据
600127,金健米业,稀释每股收益,2025,0.0059,稀释每股收益（元/股）,6,summary,主要财务指标
600127,金健米业,稀释每股收益,2024,0.0035,稀释每股收益（元/股）,6,summary,主要财务指标
600127,金健米业,经营活动现金流量净额,2025,72285437.24,经营活动产生的现金流量净额,6,summary,主要会计数据
600127,金健米业,经营活动现金流量净额,2024,-44275250.95,经营活动产生的现金流量净额,6,summary,主要会计数据
600127,金健米业,营业收入,2025,3358009537.17,营业收入,6,summary,主要会计数据
600127,金健米业,营业收入,2024,4627157538.52,营业收入,6,summary,主要会计数据
600128,苏豪弘业,净利润,2025,73362467.51,净利润,197,statement,
600128,苏豪弘业,利润总额,2025,94241536.67,利润总额,6,summary,主要会计数据
600128,苏豪弘业,利润总额,2024,85265982.03,利润总额,6,summary,主要会计数据
600128,苏豪弘业,利润总额,2023,61216736.57,利润总额,6,summary,主要会计数据
600128,苏豪弘业,加权平均净资产收益率,2025,2.2654,加权平均净资产收益率（%）,6,summary,主要财务指标
600128,苏豪弘业,加权平均净资产收益率,2024,1.5777,加权平均净资产收益率（%）,6,summary,主要财务指标
600128,苏豪弘业,加权平均净资产收益率,2023,1.5582,加权平均净资产收益率（%）,6,summary,主要财务指标
600128,苏豪弘业,基本每股收益,2025,0.1956,基本每股收益（元／股）,6,summary,主要财务指标
600128,苏豪弘业,基本每股收益,2024,0.1354,基本每股收益（元／股）,6,summary,主要财务指标
600128,苏豪弘业,基本每股收益,2023,0.1323,基本每股收益（元／股）,6,summary,主要财务指标
600128,苏豪弘业,归母净利润,2025,48272991.5,归属于上市公司股东的净利润,6,summary,主要会计数据
600128,苏豪弘业,归母净利润,2024,33412857.99,归属于上市公司股东的净利润,6,summary,主要会计数据
600128,苏豪弘业,归母净利润,2023,32635564.71,归属于上市公司股东的净利润,6,summary,主要会计数据
600128,苏豪弘业,归母净资产,2025,2144254870.59,归属于上市公司股东的净资产,6,summary,主要会计数据
600128,苏豪弘业,归母净资产,2024,2124247335.56,归属于上市公司股东的净资产,6,summary,主要会计数据
600128,苏豪弘业,归母净资产,2023,2111269168.3,归属于上市公司股东的净资产,6,summary,主要会计数据
600128,苏豪弘业,总资产,2025,6446705375.53,总资产,6,summary,主要会计数据
600128,苏豪弘业,总资产,2024,6016329131.01,总资产,6,summary,主要会计数据
600128,苏豪弘业,总资产,2023,5926389975.45,总资产,6,summary,主要会计数据
600128,苏豪弘业,扣非加权平均净资产收益率,2025,0.2213,扣除非经常性损益后的加权平均净资产收益率（%）,6,summary,主要财务指标
600128,苏豪弘业,扣非加权平均净资产收益率,2024,0.4928,扣除非经常性损益后的加权平均净资产收益率（%）,6,summary,主要财务指标
600128,苏豪弘业,扣非加权平均净资产收益率,2023,0.4574,扣除非经常性损益后的加权平均净资产收益率（%）,6,summary,主要财务指标
600128,苏豪弘业,扣非归母净利润,2025,4715456.84,归属于上市公司股东的扣除非经常性损益的净利润,6,summary,主要会计数据
600128,苏豪弘业,扣非归母净利润,2024,10436815.11,归属于上市公司股东的扣除非经常性损益的净利润,6,summary,主要会计数据
600128,苏豪弘业,扣非归母净利润,2023,9579804.54,归属于上市公司股东的扣除非经常性损益的净利润,6,summary,主要会计数据
600128,苏豪弘业,稀释每股收益,2025,0.1956,稀释每股收益（元／股）,6,summary,主要财务指标
600128,苏豪弘业,稀释每股收益,2024,0.1354,稀释每股收益（元／股）,6,summary,主要财务指标
600128,苏豪弘业,稀释每股收益,2023,0.1323,稀释每股收益（元／股）,6,summary,主要财务指标
600128,苏豪弘业,经营活动现金流量净额,2025,228878136.33,经营活动产生的现金流量净额,6,summary,主要会计数据
600128,苏豪弘业,经营活动现金流量净额,2024,-397067388.51,经营活动产生的现金流量净额,6,summary,主要会计数据
600128,苏豪弘业,经营活动现金流量净额,2023,295049993.76,经营活动产生的现金流量净额,6,summary,主要会计数据
600128,苏豪弘业,营业收入,2025,7734774728.73,营业收入,6,summary,主要会计数据
600128,苏豪弘业,营业收入,2024,7160312490.05,营业收入,6,summary,主要会计数据
600128,苏豪弘业,营业收入,2023,6719530584.65,营业收入,6,summary,主要会计数据
600129,太极集团,净利润,2025,120626783.59,净利润,191,statement,
600129,太极集团,利润总额,2025,221108143.79,利润总额,5,summary,主要会计数据
600129,太极集团,利润总额,2024,323809702.85,利润总额,5,summary,主要会计数据
600129,太极集团,利润总额,2023,1026603804.97,利润总额,5,summary,主要会计数据
600129,太极集团,加权平均净资产收益率,2025,3.42,加权平均净资产收益率（%）,6,summary,主要财务指标
600129,太极集团,加权平均净资产收益率,2024,0.75,加权平均净资产收益率（%）,6,summary,主要财务指标
600129,太极集团,加权平均净资产收益率,2023,23.82,加权平均净资产收益率（%）,6,summary,主要财务指标
600129,太极集团,基本每股收益,2025,0.22,基本每股收益（元／股）,6,summary,主要财务指标
600129,太极集团,基本每股收益,2024,0.05,基本每股收益（元／股）,6,summary,主要财务指标
600129,太极集团,基本每股收益,2023,1.48,基本每股收益（元／股）,6,summary,主要财务指标
600129,太极集团,归母净利润,2025,120570288.49,归属于上市公司股东的净利润,5,summary,主要会计数据
600129,太极集团,归母净利润,2024,26652727.94,归属于上市公司股东的净利润,5,summary,主要会计数据
600129,太极集团,归母净利润,2023,822124918.06,归属于上市公司股东的净利润,5,summary,主要会计数据
600129,太极集团,归母净资产,2025,3501509450.84,归属于上市公司股东的净资产,5,summary,主要会计数据
600129,太极集团,归母净资产,2024,3492167957.47,归属于上市公司股东的净资产,5,summary,主要会计数据
600129,太极集团,归母净资产,2023,3622185106,归属于上市公司股东的净资产,5,summary,主要会计数据
600129,太极集团,总资产,2025,14411393169.97,总资产,5,summary,主要会计数据
600129,太极集团,总资产,2024,14057759232.64,总资产,5,summary,主要会计数据
600129,太极集团,总资产,2023,14411774083.52,总资产,5,summary,主要会计数据
600129,太极集团,扣非加权平均净资产收益率,2025,1.24,扣除非经常性损益后的加权平均净资产收益率（%）,6,summary,主要财务指标
600129,太极集团,扣非加权平均净资产收益率,2024,1.08,扣除非经常性损益后的加权平均净资产收益率（%）,6,summary,主要财务指标
600129,太极集团,扣非加权平均净资产收益率,2023,22.43,扣除非经常性损益后的加权平均净资产收益率（%）,6,summary,主要财务指标
600129,太极集团,扣非归母净利润,2025,43671740.61,归属于上市公司股东的扣除非经常性损益的净利润,5,summary,主要会计数据
600129,太极集团,扣非归母净利润,2024,38539284.46,归属于上市公司股东的扣除非经常性损益的净利润,5,summary,主要会计数据
600129,太极集团,扣非归母净利润,2023,774448432.63,归属于上市公司股东的扣除非经常性损益的净利润,5,summary,主要会计数据
600129,太极集团,稀释每股收益,2025,0.22,稀释每股收益（元／股）,6,summary,主要财务指标
600129,太极集团,稀释每股收益,2024,0.05,稀释每股收益（元／股）,6,summary,主要财务指标
600129,太极集团,稀释每股收益,2023,1.48,稀释每股收益（元／股）,6,summary,主要财务指标
600129,太极集团,经营活动现金流量净额,2025,583884730.17,经营活动产生的现金流量净额,5,summary,主要会计数据
600129,太极集团,经营活动现金流量净额,2024,-631462933.69,经营活动产生的现金流量净额,5,summary,主要会计数据
600129,太极集团,经营活动现金流量净额,2023,671536615.17,经营活动产生的现金流量净额,5,summary,主要会计数据
600129,太极集团,营业收入,2025,10500021614.28,营业收入,5,summary,主要会计数据
600129,太极集团,营业收入,2024,12386016983.42,营业收入,5,summary,主要会计数据
600129,太极集团,营业收入,2023,15622648416.93,营业收入,5,summary,主要会计数据
600130,波导股份,净利润,2025,9195579.64,净利润,132,statement,
600130,波导股份,利润总额,2025,9209537.14,利润总额,6,summary,主要会计数据
600130,波导股份,利润总额,2024,8546595.16,利润总额,6,summary,主要会计数据
600130,波导股份,利润总额,2023,23323653.25,利润总额,6,summary,主要会计数据
600130,波导股份,加权平均净资产收益率,2025,0.55,加权平均净资产收益率（%）,7,summary,主要财务指标
600130,波导股份,加权平均净资产收益率,2024,0.52,加权平均净资产收益率（%）,7,summary,主要财务指标
600130,波导股份,加权平均净资产收益率,2023,1.39,加权平均净资产收益率（%）,7,summary,主要财务指标
600130,波导股份,基本每股收益,2025,0.01,基本每股收益（元／股）,7,summary,主要财务指标
600130,波导股份,基本每股收益,2024,0.01,基本每股收益（元／股）,7,summary,主要财务指标
600130,波导股份,基本每股收益,2023,0.02,基本每股收益（元／股）,7,summary,主要财务指标
600130,波导股份,归母净利润,2025,5250696.66,归属于上市公司股东的净利润,6,summary,主要会计数据
600130,波导股份,归母净利润,2024,5111062.87,归属于上市公司股东的净利润,6,summary,主要会计数据
600130,波导股份,归母净利润,2023,13953641.46,归属于上市公司股东的净利润,6,summary,主要会计数据
600130,波导股份,归母净资产,2025,961743688.04,归属于上市公司股东的净资产,6,summary,主要会计数据
600130,波导股份,归母净资产,2024,962346299.32,归属于上市公司股东的净资产,6,summary,主要会计数据
600130,波导股份,归母净资产,2023,1012814135.13,归属于上市公司股东的净资产,6,summary,主要会计数据
600130,波导股份,总资产,2025,1212905240.92,总资产,6,summary,主要会计数据
600130,波导股份,总资产,2023,1201224543.28,总资产,6,summary,主要会计数据
600130,波导股份,扣非加权平均净资产收益率,2025,-0.78,扣除非经常性损益后的加权平均净资产收益率（%）,7,summary,主要财务指标
600130,波导股份,扣非加权平均净资产收益率,2024,-1.41,扣除非经常性损益后的加权平均净资产收益率（%）,7,summary,主要财务指标
600130,波导股份,扣非加权平均净资产收益率,2023,-0.28,扣除非经常性损益后的加权平均净资产收益率（%）,7,summary,主要财务指标
600130,波导股份,扣非归母净利润,2025,-7478076.83,归属于上市公司股东的扣除非经常性损益的净利润,6,summary,主要会计数据
600130,波导股份,扣非归母净利润,2024,-13975452.78,归属于上市公司股东的扣除非经常性损益的净利润,6,summary,主要会计数据
600130,波导股份,扣非归母净利润,2023,-2772059.02,归属于上市公司股东的扣除非经常性损益的净利润,6,summary,主要会计数据
600130,波导股份,稀释每股收益,2025,0.01,稀释每股收益（元／股）,7,summary,主要财务指标
600130,波导股份,稀释每股收益,2024,0.01,稀释每股收益（元／股）,7,summary,主要财务指标
600130,波导股份,稀释每股收益,2023,0.02,稀释每股收益（元／股）,7,summary,主要财务指标
600130,波导股份,经营活动现金流量净额,2025,-19551317.93,经营活动产生的现金流量净额,6,summary,主要会计数据
600130,波导股份,经营活动现金流量净额,2024,-2528770.98,经营活动产生的现金流量净额,6,summary,主要会计数据
600130,波导股份,经营活动现金流量净额,2023,77338123.42,经营活动产生的现金流量净额,6,summary,主要会计数据
600130,波导股份,营业收入,2025,470414681.38,营业收入,6,summary,主要会计数据
600130,波导股份,营业收入,2024,360609464.08,营业收入,6,summary,主要会计数据
600130,波导股份,营业收入,2023,417468142.74,营业收入,6,summary,主要会计数据
600131,国网信通,净利润,2025,674087251.77,净利润,196,statement,
600131,国网信通,利润总额,2025,778335135.53,利润总额,8,summary,主要会计数据
600131,国网信通,加权平均净资产收益率,2025,8.04,加权平均净资产收益率(%),9,summary,主要财务指标
600131,国网信通,基本每股收益,2025,0.55,基本每股收益（元／股）,9,summary,主要财务指标
600131,国网信通,归母净利润,2025,657357866.46,归属于上市公司股东的净利润,8,summary,主要会计数据
600131,国网信通,归母净资产,2025,6477798760.44,归属于上市公司股东的净资产,8,summary,主要会计数据
600131,国网信通,扣非加权平均净资产收益率,2025,7.33,扣除非经常性损益后的加权平均净资产收益率（%）,9,summary,主要财务指标
600131,国网信通,扣非归母净利润,2025,599207978.67,归属于上市公司股东的扣除非经常性损益的净利润,8,summary,主要会计数据
600131,国网信通,稀释每股收益,2025,0.55,稀释每股收益（元／股）,9,summary,主要财务指标
600131,国网信通,经营活动现金流量净额,2025,1947866764.09,经营活动产生的现金流量净额,8,summary,主要会计数据
600131,国网信通,营业收入,2025,7315169679.72,营业收入,8,statement,
600132,重庆啤酒,净利润,2025,2478207663.11,净利润,164,statement,
600132,重庆啤酒,利润总额,2025,3241925584.31,利润总额,8,summary,主要会计数据
600132,重庆啤酒,利润总额,2024,2919927612.14,利润总额,8,summary,主要会计数据
600132,重庆啤酒,利润总额,2023,3375690552.52,利润总额,8,summary,主要会计数据
600132,重庆啤酒,加权平均净资产收益率,2025,81.68,加权平均净资产收益率(%),9,summary,主要财务指标
600132,重庆啤酒,加权平均净资产收益率,2024,60.17,加权平均净资产收益率(%),9,summary,主要财务指标
600132,重庆啤酒,加权平均净资产收益率,2023,67.05,加权平均净资产收益率(%),9,summary,主要财务指标
600132,重庆啤酒,基本每股收益,2025,2.54,基本每股收益(元／股）,9,summary,主要财务指标
600132,重庆啤酒,基本每股收益,2024,2.3,基本每股收益(元／股）,9,summary,主要财务指标
600132,重庆啤酒,基本每股收益,2023,2.76,基本每股收益(元／股）,9,summary,主要财务指标
600132,重庆啤酒,归母净利润,2025,1230897085.41,归属于上市公司股东的净利润,8,summary,主要会计数据
600132,重庆啤酒,归母净利润,2024,1114593043.58,归属于上市公司股东的净利润,8,summary,主要会计数据
600132,重庆啤酒,归母净利润,2023,1336597321.13,归属于上市公司股东的净利润,8,summary,主要会计数据
600132,重庆啤酒,归母净资产,2025,1377010188.68,归属于上市公司股东的净资产,8,summary,主要会计数据
600132,重庆啤酒,归母净资产,2024,1185220264.01,归属于上市公司股东的净资产,8,summary,主要会计数据
600132,重庆啤酒,归母净资产,2023,2140200619.57,归属于上市公司股东的净资产,8,summary,主要会计数据
600132,重庆啤酒,总资产,2025,10690758918.93,总资产,8,summary,主要会计数据
600132,重庆啤酒,总资产,2024,10968339719.39,总资产,8,summary,主要会计数据
600132,重庆啤酒,总资产,2023,12386911593.95,总资产,8,summary,主要会计数据
600132,重庆啤酒,扣非加权平均净资产收益率,2025,78.82,扣除非经常性损益后的加权平均净资产收益率(%),9,summary,主要财务指标
600132,重庆啤酒,扣非加权平均净资产收益率,2024,65.95,扣除非经常性损益后的加权平均净资产收益率(%),9,summary,主要财务指标
600132,重庆啤酒,扣非加权平均净资产收益率,2023,65.92,扣除非经常性损益后的加权平均净资产收益率(%),9,summary,主要财务指标
600132,重庆啤酒,扣非归母净利润,2025,1187723571.58,归属于上市公司股东的扣除非 经常性损益的净利润,8,summary,主要会计数据
600132,重庆啤酒,扣非归母净利润,2024,1221624723.92,归属于上市公司股东的扣除非 经常性损益的净利润,8,summary,主要会计数据
600132,重庆啤酒,扣非归母净利润,2023,1313987214.02,归属于上市公司股东的扣除非 经常性损益的净利润,8,summary,主要会计数据
600132,重庆啤酒,稀释每股收益,2025,2.54,稀释每股收益(元／股),9,summary,主要财务指标
600132,重庆啤酒,稀释每股收益,2024,2.3,稀释每股收益(元／股),9,summary,主要财务指标
600132,重庆啤酒,稀释每股收益,2023,2.76,稀释每股收益(元／股),9,summary,主要财务指标
600132,重庆啤酒,经营活动现金流量净额,2025,2624190299.49,经营活动产生的现金流量净额,8,summary,主要会计数据
600132,重庆啤酒,经营活动现金流量净额,2024,2542046725.49,经营活动产生的现金流量净额,8,summary,主要会计数据
600132,重庆啤酒,经营活动现金流量净额,2023,3096948816.62,经营活动产生的现金流量净额,8,summary,主要会计数据
600132,重庆啤酒,营业收入,2025,14721871107.45,营业收入,8,summary,主要会计数据
600132,重庆啤酒,营业收入,2024,14644597842.46,营业收入,8,summary,主要会计数据
600132,重庆啤酒,营业收入,2023,14814836410.26,营业收入,8,summary,主要会计数据
600133,东湖高新,净利润,2025,308177078.9,净利润,203,statement,
600133,东湖高新,利润总额,2025,389571701.5,利润总额,8,summary,主要会计数据
600133,东湖高新,利润总额,2024,722228406.77,利润总额,8,summary,主要会计数据
600133,东湖高新,利润总额,2023,1760361101.76,利润总额,8,summary,主要会计数据
600133,东湖高新,加权平均净资产收益率,2025,3.09,加权平均净资产收益率（%）,8,summary,主要财务指标
600133,东湖高新,加权平均净资产收益率,2024,5.94,加权平均净资产收益率（%）,8,summary,主要财务指标
600133,东湖高新,加权平均净资产收益率,2023,14.34,加权平均净资产收益率（%）,8,summary,主要财务指标
600133,东湖高新,基本每股收益,2025,0.259,基本每股收益（元／股）,8,summary,主要财务指标
600133,东湖高新,基本每股收益,2024,0.4831,基本每股收益（元／股）,8,summary,主要财务指标
600133,东湖高新,基本每股收益,2023,1.2106,基本每股收益（元／股）,8,summary,主要财务指标
600133,东湖高新,归母净利润,2025,27619637000,归属于上市公司股东的净利润,8,summary,主要会计数据
600133,东湖高新,归母净利润,2024,528105324.28,归属于上市公司股东的净利润,8,summary,主要会计数据
600133,东湖高新,归母净利润,2023,1079272291.7,归属于上市公司股东的净利润,8,summary,主要会计数据
600133,东湖高新,归母净资产,2025,9110993903.26,归属于上市公司股东的净资产,8,summary,主要会计数据
600133,东湖高新,归母净资产,2024,8859562808.49,归属于上市公司股东的净资产,8,summary,主要会计数据
600133,东湖高新,归母净资产,2023,8939121934.28,归属于上市公司股东的净资产,8,summary,主要会计数据
600133,东湖高新,总资产,2025,19721709261.32,总资产,8,summary,主要会计数据
600133,东湖高新,总资产,2024,18805522995.86,总资产,8,summary,主要会计数据
600133,东湖高新,总资产,2023,19096762499.81,总资产,8,summary,主要会计数据
600133,东湖高新,扣非加权平均净资产收益率,2025,2.4,扣除非经常性损益后的加权平均净资产收益率（%）,8,summary,主要财务指标
600133,东湖高新,扣非加权平均净资产收益率,2024,5.18,扣除非经常性损益后的加权平均净资产收益率（%）,8,summary,主要财务指标
600133,东湖高新,扣非加权平均净资产收益率,2023,5.12,扣除非经常性损益后的加权平均净资产收益率（%）,8,summary,主要财务指标
600133,东湖高新,扣非归母净利润,2025,214168257.81,归属于上市公司股东的扣除非经常性损益的净利润,8,summary,主要会计数据
600133,东湖高新,扣非归母净利润,2024,462479224.58,归属于上市公司股东的扣除非经常性损益的净利润,8,summary,主要会计数据
600133,东湖高新,扣非归母净利润,2023,409053923.52,归属于上市公司股东的扣除非经常性损益的净利润,8,summary,主要会计数据
600133,东湖高新,稀释每股收益,2025,0.259,稀释每股收益（元／股）,8,summary,主要财务指标
600133,东湖高新,稀释每股收益,2024,0.4831,稀释每股收益（元／股）,8,summary,主要财务指标
600133,东湖高新,稀释每股收益,2023,1.2106,稀释每股收益（元／股）,8,summary,主要财务指标
600133,东湖高新,经营活动现金流量净额,2025,-140125692.14,经营活动产生的现金流量净额,8,summary,主要会计数据
600133,东湖高新,经营活动现金流量净额,2024,-236182464.24,经营活动产生的现金流量净额,8,summary,主要会计数据
600133,东湖高新,经营活动现金流量净额,2023,-2290319847.74,经营活动产生的现金流量净额,8,summary,主要会计数据
600133,东湖高新,营业收入,2025,3749891150.97,营业收入,8,summary,主要会计数据
600133,东湖高新,营业收入,2024,3367149008.65,营业收入,8,summary,主要会计数据
600133,东湖高新,营业收入,2023,14673437912.28,营业收入,8,summary,主要会计数据
